emotion_code,emotion,intensity,statement,repetition,actor,sex,path,stress,MFCC_Mean,MFCC_Variance,Pitch_Mean,Speech_Rate
1,neutral,1,1,1,1,M,dataset/Audios/Actor_01/03-01-01-01-01-01-01.wav,Healthy,-33.232337951660156,17893.92578125,113.17157322849611,4.36046511627907
1,neutral,1,1,2,1,M,dataset/Audios/Actor_01/03-01-01-01-01-02-01.wav,Healthy,-33.08914566040039,17205.283203125,122.70366064862014,4.36046511627907
1,neutral,1,2,1,1,M,dataset/Audios/Actor_01/03-01-01-01-02-01-01.wav,Healthy,-32.01993179321289,16852.22265625,108.68691707750624,4.464285714285714
1,neutral,1,2,2,1,M,dataset/Audios/Actor_01/03-01-01-01-02-02-01.wav,Healthy,-31.796079635620117,16728.70703125,115.81683335824412,4.6875
2,calm,1,1,1,1,M,dataset/Audios/Actor_01/03-01-02-01-01-01-01.wav,Healthy,-35.38637924194336,21143.8984375,115.81683335824412,3.6764705882352944
2,calm,1,1,2,1,M,dataset/Audios/Actor_01/03-01-02-01-01-02-01.wav,Healthy,-34.46889114379883,21818.5234375,104.37997464223892,3.409090909090909
2,calm,1,2,1,1,M,dataset/Audios/Actor_01/03-01-02-01-02-01-01.wav,Healthy,-32.66257858276367,18830.64453125,107.43854136004752,3.605769230769231
2,calm,1,2,2,1,M,dataset/Audios/Actor_01/03-01-02-01-02-02-01.wav,Healthy,-31.91721534729004,18594.25390625,107.43854136004752,3.75
2,calm,2,1,1,1,M,dataset/Audios/Actor_01/03-01-02-02-01-01-01.wav,Healthy,-34.34474182128906,22475.931640625,98.23785555951164,3.232758620689655
2,calm,2,1,2,1,M,dataset/Audios/Actor_01/03-01-02-02-01-02-01.wav,Healthy,-35.79436111450195,21487.240234375,105.28872660515805,2.7573529411764706
2,calm,2,2,1,1,M,dataset/Audios/Actor_01/03-01-02-02-02-01-01.wav,Healthy,-35.010406494140625,20959.900390625,114.4865635674993,2.533783783783784
2,calm,2,2,2,1,M,dataset/Audios/Actor_01/03-01-02-02-02-02-01.wav,Healthy,-33.63391876220703,19323.775390625,110.58673092361124,2.9296875
3,happy,1,1,1,1,M,dataset/Audios/Actor_01/03-01-03-01-01-01-01.wav,Healthy,-31.91532325744629,14725.19140625,151.9410423129619,3.75
3,happy,1,1,2,1,M,dataset/Audios/Actor_01/03-01-03-01-01-02-01.wav,Healthy,-32.16648864746094,16882.541015625,138.52806521170294,3.3482142857142856
3,happy,1,2,1,1,M,dataset/Audios/Actor_01/03-01-03-01-02-01-01.wav,Healthy,-31.515913009643555,15396.3017578125,137.7302022667084,3.826530612244898
3,happy,1,2,2,1,M,dataset/Audios/Actor_01/03-01-03-01-02-02-01.wav,Healthy,-32.655452728271484,15127.8447265625,124.12940850835416,3.3482142857142856
3,happy,2,1,1,1,M,dataset/Audios/Actor_01/03-01-03-02-01-01-01.wav,Healthy,-34.241485595703125,11297.2431640625,235.68255189130872,3.537735849056604
3,happy,2,1,2,1,M,dataset/Audios/Actor_01/03-01-03-02-01-02-01.wav,Healthy,-33.451622009277344,12704.4228515625,201.6488190383855,3.1779661016949152
3,happy,2,2,1,1,M,dataset/Audios/Actor_01/03-01-03-02-02-01-01.wav,Healthy,-31.34206199645996,8807.20703125,181.73609144327253,3.024193548387097
3,happy,2,2,2,1,M,dataset/Audios/Actor_01/03-01-03-02-02-02-01.wav,Healthy,-32.617740631103516,9749.552734375,176.56241769755178,2.9761904761904763
4,sad,1,1,1,1,M,dataset/Audios/Actor_01/03-01-04-01-01-01-01.wav,Mild_Stress,-35.35377883911133,19070.8125,128.13675022837958,3.232758620689655
4,sad,1,1,2,1,M,dataset/Audios/Actor_01/03-01-04-01-01-02-01.wav,Mild_Stress,-34.67910385131836,19387.640625,111.87168684176292,3.605769230769231
4,sad,1,2,1,1,M,dataset/Audios/Actor_01/03-01-04-01-02-01-01.wav,Mild_Stress,-35.219024658203125,20594.69140625,109.9497982220883,3.90625
4,sad,1,2,2,1,M,dataset/Audios/Actor_01/03-01-04-01-02-02-01.wav,Mild_Stress,-33.75581741333008,18929.6953125,113.82716948276509,4.076086956521739
4,sad,2,1,1,1,M,dataset/Audios/Actor_01/03-01-04-02-01-01-01.wav,Mild_Stress,-34.151737213134766,18412.525390625,125.57172276022992,3.1779661016949152
4,sad,2,1,2,1,M,dataset/Audios/Actor_01/03-01-04-02-01-02-01.wav,Mild_Stress,-34.50738525390625,14513.103515625,136.14823596668148,3.4722222222222223
4,sad,2,2,1,1,M,dataset/Audios/Actor_01/03-01-04-02-02-01-01.wav,Mild_Stress,-33.92399978637695,14276.2470703125,138.52806521170294,3.3482142857142856
4,sad,2,2,2,1,M,dataset/Audios/Actor_01/03-01-04-02-02-02-01.wav,Mild_Stress,-32.04715347290039,11943.310546875,140.9494931391844,3.3482142857142856
5,angry,1,1,1,1,M,dataset/Audios/Actor_01/03-01-05-01-01-01-01.wav,Moderate_Stress,-27.336410522460938,10237.9619140625,154.1517185669415,3.125
5,angry,1,1,2,1,M,dataset/Audios/Actor_01/03-01-05-01-01-02-01.wav,Moderate_Stress,-30.370304107666016,9399.0458984375,185.98397121658357,2.9296875
5,angry,1,2,1,1,M,dataset/Audios/Actor_01/03-01-05-01-02-01-01.wav,Moderate_Stress,-29.361061096191406,10690.5224609375,149.37064704854382,3.826530612244898
5,angry,1,2,2,1,M,dataset/Audios/Actor_01/03-01-05-01-02-02-01.wav,Moderate_Stress,-28.729143142700195,9373.9921875,148.4707041104003,3.3482142857142856
5,angry,2,1,1,1,M,dataset/Audios/Actor_01/03-01-05-02-01-01-01.wav,Moderate_Stress,-25.92587661743164,2865.8701171875,323.816901813294,2.8846153846153846
5,angry,2,1,2,1,M,dataset/Audios/Actor_01/03-01-05-02-01-02-01.wav,Moderate_Stress,-30.547386169433594,6750.3349609375,276.25826747841137,1.875
5,angry,2,2,1,1,M,dataset/Audios/Actor_01/03-01-05-02-02-01-01.wav,Moderate_Stress,-24.76358985900879,4625.58837890625,257.013645291753,2.840909090909091
5,angry,2,2,2,1,M,dataset/Audios/Actor_01/03-01-05-02-02-02-01.wav,Moderate_Stress,-23.292667388916016,1975.53857421875,326.63611350747016,2.5
6,fearful,1,1,1,1,M,dataset/Audios/Actor_01/03-01-06-01-01-01-01.wav,Moderate_Stress,-29.319093704223633,12321.87109375,145.07962854192905,3.4722222222222223
6,fearful,1,1,2,1,M,dataset/Audios/Actor_01/03-01-06-01-01-02-01.wav,Moderate_Stress,-34.49684143066406,13093.919921875,158.21045677717683,3.409090909090909
6,fearful,1,2,1,1,M,dataset/Audios/Actor_01/03-01-06-01-02-01-01.wav,Moderate_Stress,-41.22836685180664,30866.7109375,108.0609264985624,1.762211575527287
6,fearful,1,2,2,1,M,dataset/Audios/Actor_01/03-01-06-01-02-02-01.wav,Moderate_Stress,-31.19269561767578,15515.6318359375,127.3987368536673,3.0737704918032787
6,fearful,2,1,1,1,M,dataset/Audios/Actor_01/03-01-06-02-01-01-01.wav,Moderate_Stress,-28.017236709594727,9533.3369140625,219.8995964441766,2.0833333333333335
6,fearful,2,1,2,1,M,dataset/Audios/Actor_01/03-01-06-02-01-02-01.wav,Moderate_Stress,-29.965389251708984,6433.30419921875,273.0851706408102,2.604166666666667
6,fearful,2,2,1,1,M,dataset/Audios/Actor_01/03-01-06-02-02-01-01.wav,Moderate_Stress,-29.501388549804688,3656.36767578125,267.61858152730787,3.289473684210526
6,fearful,2,2,2,1,M,dataset/Audios/Actor_01/03-01-06-02-02-02-01.wav,Moderate_Stress,-29.136459350585938,5223.88427734375,255.5333556217653,3.289473684210526
7,disgust,1,1,1,1,M,dataset/Audios/Actor_01/03-01-07-01-01-01-01.wav,Severe_Stress,-37.93587493896485,18995.287109375,136.14823596668148,2.9296875
7,disgust,1,1,2,1,M,dataset/Audios/Actor_01/03-01-07-01-01-02-01.wav,Severe_Stress,-36.39702606201172,16995.349609375,163.7897364863335,2.9761904761904763
7,disgust,1,2,1,1,M,dataset/Audios/Actor_01/03-01-07-01-02-01-01.wav,Severe_Stress,-34.73550796508789,18905.93359375,118.86722456458772,2.9761904761904763
7,disgust,1,2,2,1,M,dataset/Audios/Actor_01/03-01-07-01-02-02-01.wav,Severe_Stress,-34.78879928588867,17495.08984375,131.51052723924994,3.125
7,disgust,2,1,1,1,M,dataset/Audios/Actor_01/03-01-07-02-01-01-01.wav,Severe_Stress,-35.54617691040039,10835.291015625,249.6969657132611,2.568493150684932
7,disgust,2,1,2,1,M,dataset/Audios/Actor_01/03-01-07-02-01-02-01.wav,Severe_Stress,-35.62002944946289,8931.263671875,228.9731271349986,2.8846153846153846
7,disgust,2,2,1,1,M,dataset/Audios/Actor_01/03-01-07-02-02-01-01.wav,Severe_Stress,-35.63177490234375,12502.8193359375,216.76953911824103,2.4671052631578947
7,disgust,2,2,2,1,M,dataset/Audios/Actor_01/03-01-07-02-02-02-01.wav,Severe_Stress,-33.88834762573242,10169.673828125,220.53652914569955,2.533783783783784
8,surprised,1,1,1,1,M,dataset/Audios/Actor_01/03-01-08-01-01-01-01.wav,Mild_Stress,-33.742820739746094,16298.275390625,139.33055012971812,4.076086956521739
8,surprised,1,1,2,1,M,dataset/Audios/Actor_01/03-01-08-01-01-02-01.wav,Mild_Stress,-32.608951568603516,16291.1552734375,129.25341132293823,4.464285714285714
8,surprised,1,2,1,1,M,dataset/Audios/Actor_01/03-01-08-01-02-01-01.wav,Mild_Stress,-32.490577697753906,16328.994140625,131.91784759783013,3.75
8,surprised,1,2,2,1,M,dataset/Audios/Actor_01/03-01-08-01-02-02-01.wav,Mild_Stress,-33.963462829589844,14660.0244140625,145.9200662802185,4.261363636363637
8,surprised,2,1,1,1,M,dataset/Audios/Actor_01/03-01-08-02-01-01-01.wav,Mild_Stress,-30.303112030029297,10063.5771484375,225.0395058615972,4.076086956521739
8,surprised,2,1,2,1,M,dataset/Audios/Actor_01/03-01-08-02-01-02-01.wav,Mild_Stress,-29.904909133911133,9159.7080078125,227.65433896553017,3.6764705882352944
8,surprised,2,2,1,1,M,dataset/Audios/Actor_01/03-01-08-02-02-01-01.wav,Mild_Stress,-31.204883575439453,10230.5849609375,151.9410423129619,3.75
8,surprised,2,2,2,1,M,dataset/Audios/Actor_01/03-01-08-02-02-02-01.wav,Mild_Stress,-31.110509872436523,8663.3095703125,214.87708272009507,4.464285714285714
1,neutral,1,1,1,2,F,dataset/Audios/Actor_02/03-01-01-01-01-01-02.wav,Healthy,-37.56618118286133,15189.736328125,218.63306796596575,3.537735849056604
1,neutral,1,1,2,2,F,dataset/Audios/Actor_02/03-01-01-01-01-02-02.wav,Healthy,-37.930057525634766,15518.5,213.643045820719,3.537735849056604
1,neutral,1,2,1,2,F,dataset/Audios/Actor_02/03-01-01-01-02-01-02.wav,Healthy,-37.02482223510742,13675.48828125,219.8995964441766,3.3482142857142856
1,neutral,1,2,2,2,F,dataset/Audios/Actor_02/03-01-01-01-02-02-02.wav,Healthy,-39.59645462036133,14057.5263671875,228.97694696607192,3.605769230769231
2,calm,1,1,1,2,F,dataset/Audios/Actor_02/03-01-02-01-01-01-02.wav,Healthy,-38.53723907470703,17951.970703125,237.0478470251364,3.0737704918032787
2,calm,1,1,2,2,F,dataset/Audios/Actor_02/03-01-02-01-01-02-02.wav,Healthy,-39.603370666503906,17900.564453125,228.9731271349986,2.8846153846153846
2,calm,1,2,1,2,F,dataset/Audios/Actor_02/03-01-02-01-02-01-02.wav,Healthy,-41.332420349121094,16568.234375,221.1771515608266,3.1779661016949152
2,calm,1,2,2,2,F,dataset/Audios/Actor_02/03-01-02-01-02-02-02.wav,Healthy,-42.53533935546875,16586.7109375,221.81408426234952,2.9296875
2,calm,2,1,1,2,F,dataset/Audios/Actor_02/03-01-02-02-01-01-02.wav,Healthy,-41.31128692626953,18815.52734375,206.36213675586595,2.7173913043478257
2,calm,2,1,2,2,F,dataset/Audios/Actor_02/03-01-02-02-01-02-02.wav,Healthy,-40.522674560546875,17828.1796875,207.5610430201719,2.840909090909091
2,calm,2,2,1,2,F,dataset/Audios/Actor_02/03-01-02-02-02-01-02.wav,Healthy,-44.45137023925781,18227.056640625,226.9987427112612,2.7573529411764706
2,calm,2,2,2,2,F,dataset/Audios/Actor_02/03-01-02-02-02-02-02.wav,Healthy,-41.89604187011719,17450.794921875,211.1856230526212,2.7173913043478257
3,happy,1,1,1,2,F,dataset/Audios/Actor_02/03-01-03-01-01-01-02.wav,Healthy,-36.10530853271485,11386.8671875,246.1263480756028,3.6764705882352944
3,happy,1,1,2,2,F,dataset/Audios/Actor_02/03-01-03-01-01-02-02.wav,Healthy,-36.39249038696289,12564.3583984375,223.10648385440984,3.409090909090909
3,happy,1,2,1,2,F,dataset/Audios/Actor_02/03-01-03-01-02-01-02.wav,Healthy,-39.72443389892578,12881.4482421875,242.58857779956992,3.289473684210526
3,happy,1,2,2,2,F,dataset/Audios/Actor_02/03-01-03-01-02-02-02.wav,Healthy,-36.85846710205078,12602.75,241.19137040474044,3.3482142857142856
3,happy,2,1,1,2,F,dataset/Audios/Actor_02/03-01-03-02-01-01-02.wav,Healthy,-36.67763137817383,7200.7861328125,243.99794954840513,3.6764705882352944
3,happy,2,1,2,2,F,dataset/Audios/Actor_02/03-01-03-02-01-02-02.wav,Healthy,-34.5206184387207,7290.62109375,227.65433896553017,3.605769230769231
3,happy,2,2,1,2,F,dataset/Audios/Actor_02/03-01-03-02-02-01-02.wav,Healthy,-37.67211151123047,9857.2021484375,258.50251019256234,3.4722222222222223
3,happy,2,2,2,2,F,dataset/Audios/Actor_02/03-01-03-02-02-02-02.wav,Healthy,-38.184104919433594,9767.5009765625,227.65433896553017,3.1779661016949152
4,sad,1,1,1,2,F,dataset/Audios/Actor_02/03-01-04-01-01-01-02.wav,Mild_Stress,-41.89527893066406,19022.365234375,215.49946785860993,3.125
4,sad,1,1,2,2,F,dataset/Audios/Actor_02/03-01-04-01-01-02-02.wav,Mild_Stress,-38.80429458618164,17215.189453125,226.34314645699223,3.232758620689655
4,sad,1,2,1,2,F,dataset/Audios/Actor_02/03-01-04-01-02-01-02.wav,Mild_Stress,-42.888206481933594,18889.58203125,209.9692833680109,3.3482142857142856
4,sad,1,2,2,2,F,dataset/Audios/Actor_02/03-01-04-01-02-02-02.wav,Mild_Stress,-42.03845977783203,20035.5625,214.25828225620023,3.232758620689655
4,sad,2,1,1,2,F,dataset/Audios/Actor_02/03-01-04-02-01-01-02.wav,Mild_Stress,-43.20972442626953,17131.158203125,280.2753675911423,3.4722222222222223
4,sad,2,1,2,2,F,dataset/Audios/Actor_02/03-01-04-02-01-02-02.wav,Mild_Stress,-41.652008056640625,18368.185546875,254.06159179290393,3.232758620689655
4,sad,2,2,1,2,F,dataset/Audios/Actor_02/03-01-04-02-02-01-02.wav,Mild_Stress,-44.32606887817383,16991.048828125,261.5061646776419,3.409090909090909
4,sad,2,2,2,2,F,dataset/Audios/Actor_02/03-01-04-02-02-02-02.wav,Mild_Stress,-43.473655700683594,17294.37890625,274.66713694083705,3.409090909090909
5,angry,1,1,1,2,F,dataset/Audios/Actor_02/03-01-05-01-01-01-02.wav,Moderate_Stress,-32.05308532714844,11062.49609375,263.0210544784999,3.4722222222222223
5,angry,1,1,2,2,F,dataset/Audios/Actor_02/03-01-05-01-01-02-02.wav,Moderate_Stress,-32.237388610839844,10526.7666015625,266.0772119191614,3.0737704918032787
5,angry,1,2,1,2,F,dataset/Audios/Actor_02/03-01-05-01-02-01-02.wav,Moderate_Stress,-34.04668045043945,11132.3076171875,249.80111154566143,3.232758620689655
5,angry,1,2,2,2,F,dataset/Audios/Actor_02/03-01-05-01-02-02-02.wav,Moderate_Stress,-35.299381256103516,10643.9111328125,247.54388423192165,3.232758620689655
5,angry,2,1,1,2,F,dataset/Audios/Actor_02/03-01-05-02-01-01-02.wav,Moderate_Stress,-29.92988395690918,6028.28759765625,355.1704667561429,3.125
5,angry,2,1,2,2,F,dataset/Audios/Actor_02/03-01-05-02-01-02-02.wav,Moderate_Stress,-29.996076583862305,6500.55908203125,325.6927540422733,3.024193548387097
5,angry,2,2,1,2,F,dataset/Audios/Actor_02/03-01-05-02-02-01-02.wav,Moderate_Stress,-34.92668914794922,4744.69287109375,345.0594530080277,3.0737704918032787
5,angry,2,2,2,2,F,dataset/Audios/Actor_02/03-01-05-02-02-02-02.wav,Moderate_Stress,-35.16691207885742,5365.7060546875,321.02470058390634,2.9296875
6,fearful,1,1,1,2,F,dataset/Audios/Actor_02/03-01-06-01-01-01-02.wav,Moderate_Stress,-39.49382781982422,10666.9912109375,316.4209135543536,3.537735849056604
6,fearful,1,1,2,2,F,dataset/Audios/Actor_02/03-01-06-01-01-02-02.wav,Moderate_Stress,-40.43925094604492,10775.43359375,323.816901813294,3.409090909090909
6,fearful,1,2,1,2,F,dataset/Audios/Actor_02/03-01-06-01-02-01-02.wav,Moderate_Stress,-39.91301727294922,10151.8251953125,318.2539212592103,3.409090909090909
6,fearful,1,2,2,2,F,dataset/Audios/Actor_02/03-01-06-01-02-02-02.wav,Moderate_Stress,-42.40382385253906,10707.177734375,339.1315381390467,3.3482142857142856
6,fearful,2,1,1,2,F,dataset/Audios/Actor_02/03-01-06-02-01-01-02.wav,Moderate_Stress,-41.05673599243164,8706.283203125,212.40900892134297,3.409090909090909
6,fearful,2,1,2,2,F,dataset/Audios/Actor_02/03-01-06-02-01-02-02.wav,Moderate_Stress,-40.14654541015625,7576.52685546875,233.65031358796176,3.6764705882352944
6,fearful,2,2,1,2,F,dataset/Audios/Actor_02/03-01-06-02-02-01-02.wav,Moderate_Stress,-39.50543975830078,6672.24755859375,363.47218288654506,3.75
6,fearful,2,2,2,2,F,dataset/Audios/Actor_02/03-01-06-02-02-02-02.wav,Moderate_Stress,-39.607177734375,8288.890625,223.74710626953689,3.75
7,disgust,1,1,1,2,F,dataset/Audios/Actor_02/03-01-07-01-01-01-02.wav,Severe_Stress,-37.84146499633789,15245.9638671875,211.1856230526212,3.232758620689655
7,disgust,1,1,2,2,F,dataset/Audios/Actor_02/03-01-07-01-01-02-02.wav,Severe_Stress,-38.52552032470703,14858.3203125,211.1856230526212,3.4722222222222223
7,disgust,1,2,1,2,F,dataset/Audios/Actor_02/03-01-07-01-02-01-02.wav,Severe_Stress,-38.30350112915039,14794.0341796875,213.63948179230545,3.024193548387097
7,disgust,1,2,2,2,F,dataset/Audios/Actor_02/03-01-07-01-02-02-02.wav,Severe_Stress,-40.243873596191406,13624.951171875,217.37383415501247,3.1779661016949152
7,disgust,2,1,1,2,F,dataset/Audios/Actor_02/03-01-07-02-01-01-02.wav,Severe_Stress,-37.79365921020508,11787.986328125,241.19137040474044,2.7173913043478257
7,disgust,2,1,2,2,F,dataset/Audios/Actor_02/03-01-07-02-01-02-02.wav,Severe_Stress,-35.020118713378906,12195.314453125,246.11813637218768,2.8846153846153846
7,disgust,2,2,1,2,F,dataset/Audios/Actor_02/03-01-07-02-02-01-02.wav,Severe_Stress,-38.25680923461914,11121.2958984375,243.99387913449723,2.840909090909091
7,disgust,2,2,2,2,F,dataset/Audios/Actor_02/03-01-07-02-02-02-02.wav,Severe_Stress,-37.04706954956055,11132.703125,230.29955496661373,2.8846153846153846
8,surprised,1,1,1,2,F,dataset/Audios/Actor_02/03-01-08-01-01-01-02.wav,Mild_Stress,-32.671913146972656,9550.7373046875,246.83306915697432,3.90625
8,surprised,1,1,2,2,F,dataset/Audios/Actor_02/03-01-08-01-01-02-02.wav,Mild_Stress,-35.281036376953125,11367.546875,257.013645291753,3.6764705882352944
8,surprised,1,2,1,2,F,dataset/Audios/Actor_02/03-01-08-01-02-01-02.wav,Mild_Stress,-36.08657455444336,10757.6181640625,230.3149229313189,3.6764705882352944
8,surprised,1,2,2,2,F,dataset/Audios/Actor_02/03-01-08-01-02-02-02.wav,Mild_Stress,-36.55959701538086,10500.953125,245.40732129724032,3.75
8,surprised,2,1,1,2,F,dataset/Audios/Actor_02/03-01-08-02-01-01-02.wav,Mild_Stress,-30.553466796875,9245.1640625,246.1263480756028,3.3482142857142856
8,surprised,2,1,2,2,F,dataset/Audios/Actor_02/03-01-08-02-01-02-02.wav,Mild_Stress,-32.18730926513672,9302.6328125,252.59830469993753,3.289473684210526
8,surprised,2,2,1,2,F,dataset/Audios/Actor_02/03-01-08-02-02-01-02.wav,Mild_Stress,-34.363582611083984,8737.19921875,263.0210544784999,3.3482142857142856
8,surprised,2,2,2,2,F,dataset/Audios/Actor_02/03-01-08-02-02-02-02.wav,Mild_Stress,-36.3913688659668,8610.912109375,249.6969657132611,3.232758620689655
1,neutral,1,1,1,3,M,dataset/Audios/Actor_03/03-01-01-01-01-01-03.wav,Healthy,-34.11174011230469,14041.064453125,167.61814009714527,3.826530612244898
1,neutral,1,1,2,3,M,dataset/Audios/Actor_03/03-01-01-01-01-02-03.wav,Healthy,-31.27981758117676,14871.916015625,152.06526152869765,3.6764705882352944
1,neutral,1,2,1,3,M,dataset/Audios/Actor_03/03-01-01-01-02-01-03.wav,Healthy,-32.91802215576172,13486.6259765625,146.76537262479707,3.6764705882352944
1,neutral,1,2,2,3,M,dataset/Audios/Actor_03/03-01-01-01-02-02-03.wav,Healthy,-33.16748809814453,13349.4365234375,154.59692495035372,3.826530612244898
2,calm,1,1,1,3,M,dataset/Audios/Actor_03/03-01-02-01-01-01-03.wav,Healthy,-32.37645721435547,16588.05859375,118.86722456458772,2.9296875
2,calm,1,1,2,3,M,dataset/Audios/Actor_03/03-01-02-01-01-02-03.wav,Healthy,-33.25972366333008,16214.2119140625,119.21052561660726,2.9296875
2,calm,1,2,1,3,M,dataset/Audios/Actor_03/03-01-02-01-02-01-03.wav,Healthy,-33.921241760253906,16932.76171875,105.5928115263106,2.7573529411764706
2,calm,1,2,2,3,M,dataset/Audios/Actor_03/03-01-02-01-02-02-03.wav,Healthy,-31.691251754760746,13551.6044921875,156.39325469067515,2.373417721518987
2,calm,2,1,1,3,M,dataset/Audios/Actor_03/03-01-02-02-01-01-03.wav,Healthy,-37.96331405639648,19020.23046875,119.9011051661721,1.8564356435643563
2,calm,2,1,2,3,M,dataset/Audios/Actor_03/03-01-02-02-01-02-03.wav,Healthy,-29.3505859375,10907.1337890625,152.82122781686914,2.6408450704225355
2,calm,2,2,1,3,M,dataset/Audios/Actor_03/03-01-02-02-02-01-03.wav,Healthy,-28.89358901977539,13190.4443359375,148.4707041104003,2.1551724137931036
2,calm,2,2,2,3,M,dataset/Audios/Actor_03/03-01-02-02-02-02-03.wav,Healthy,-31.129011154174805,14212.5341796875,150.19585059339548,2.205882352941176
3,happy,1,1,1,3,M,dataset/Audios/Actor_03/03-01-03-01-01-01-03.wav,Healthy,-31.949066162109375,11317.064453125,202.8169587634771,3.1779661016949152
3,happy,1,1,2,3,M,dataset/Audios/Actor_03/03-01-03-01-01-02-03.wav,Healthy,-34.34763717651367,9817.6865234375,232.97550689710764,3.289473684210526
3,happy,1,2,1,3,M,dataset/Audios/Actor_03/03-01-03-01-02-01-03.wav,Healthy,-34.235103607177734,9708.9345703125,189.23491376948436,3.537735849056604
3,happy,1,2,2,3,M,dataset/Audios/Actor_03/03-01-03-01-02-02-03.wav,Healthy,-34.543922424316406,11580.8876953125,197.6138833348004,3.605769230769231
3,happy,2,1,1,3,M,dataset/Audios/Actor_03/03-01-03-02-01-01-03.wav,Healthy,-29.452293395996097,7064.04541015625,266.0772119191614,2.5
3,happy,2,1,2,3,M,dataset/Audios/Actor_03/03-01-03-02-01-02-03.wav,Healthy,-30.24247932434082,5914.08544921875,258.50251019256234,2.373417721518987
3,happy,2,2,1,3,M,dataset/Audios/Actor_03/03-01-03-02-02-01-03.wav,Healthy,-27.00668716430664,5711.93798828125,286.82649376257405,2.106741573033708
3,happy,2,2,2,3,M,dataset/Audios/Actor_03/03-01-03-02-02-02-03.wav,Healthy,-29.05606460571289,7057.80517578125,250.42020561686047,2.604166666666667
4,sad,1,1,1,3,M,dataset/Audios/Actor_03/03-01-04-01-01-01-03.wav,Mild_Stress,-36.06550598144531,18497.669921875,137.7302022667084,3.1779661016949152
4,sad,1,1,2,3,M,dataset/Audios/Actor_03/03-01-04-01-01-02-03.wav,Mild_Stress,-39.0153923034668,25181.548828125,150.19585059339548,2.314814814814815
4,sad,1,2,1,3,M,dataset/Audios/Actor_03/03-01-04-01-02-01-03.wav,Mild_Stress,-36.68901824951172,18631.392578125,150.19585059339548,2.568493150684932
4,sad,1,2,2,3,M,dataset/Audios/Actor_03/03-01-04-01-02-02-03.wav,Mild_Stress,-37.1954231262207,20600.111328125,153.26898363165782,2.435064935064935
4,sad,2,1,1,3,M,dataset/Audios/Actor_03/03-01-04-02-01-01-03.wav,Mild_Stress,-42.09440612792969,14681.2021484375,207.55758045272896,2.314814814814815
4,sad,2,1,2,3,M,dataset/Audios/Actor_03/03-01-04-02-01-02-03.wav,Mild_Stress,-36.34453201293945,13407.77734375,299.55661809217594,2.106741573033708
4,sad,2,2,1,3,M,dataset/Audios/Actor_03/03-01-04-02-02-01-03.wav,Mild_Stress,-33.62155532836914,14036.560546875,209.9692833680109,1.8667600046669
4,sad,2,2,2,3,M,dataset/Audios/Actor_03/03-01-04-02-02-02-03.wav,Mild_Stress,-30.33946990966797,12202.3486328125,200.48740730303228,2.314814814814815
5,angry,1,1,1,3,M,dataset/Audios/Actor_03/03-01-05-01-01-01-03.wav,Moderate_Stress,-32.35053253173828,17030.263671875,102.00273894856286,2.840909090909091
5,angry,1,1,2,3,M,dataset/Audios/Actor_03/03-01-05-01-01-02-03.wav,Moderate_Stress,-27.769634246826172,10150.2294921875,146.34271945250777,2.7573529411764706
5,angry,1,2,1,3,M,dataset/Audios/Actor_03/03-01-05-01-02-01-03.wav,Moderate_Stress,-29.54627799987793,11109.3349609375,124.84848285663055,3.024193548387097
5,angry,1,2,2,3,M,dataset/Audios/Actor_03/03-01-05-01-02-02-03.wav,Moderate_Stress,-32.96312713623047,13542.5146484375,158.21045677717683,2.0853698273053114
5,angry,2,1,1,3,M,dataset/Audios/Actor_03/03-01-05-02-01-01-03.wav,Moderate_Stress,-19.357141494750977,3369.91748046875,277.05613042340593,2.4038461538461537
5,angry,2,1,2,3,M,dataset/Audios/Actor_03/03-01-05-02-01-02-03.wav,Moderate_Stress,-18.90077781677246,3644.666259765625,273.87386934825736,2.373417721518987
5,angry,2,2,1,3,M,dataset/Audios/Actor_03/03-01-05-02-02-01-03.wav,Moderate_Stress,-19.696420669555664,3854.240478515625,264.5447199466984,2.533783783783784
5,angry,2,2,2,3,M,dataset/Audios/Actor_03/03-01-05-02-02-02-03.wav,Moderate_Stress,-18.24812126159668,3206.16015625,278.66110025943624,2.259036144578313
6,fearful,1,1,1,3,M,dataset/Audios/Actor_03/03-01-06-01-01-01-03.wav,Moderate_Stress,-33.36400604248047,14369.9287109375,134.5844400993791,2.7573529411764706
6,fearful,1,1,2,3,M,dataset/Audios/Actor_03/03-01-06-01-01-02-03.wav,Moderate_Stress,-31.570932388305664,10832.9208984375,155.49249582586248,2.6785714285714284
6,fearful,1,2,1,3,M,dataset/Audios/Actor_03/03-01-06-01-02-01-03.wav,Moderate_Stress,-29.061899185180664,8872.8291015625,160.04877373483913,3.605769230769231
6,fearful,1,2,2,3,M,dataset/Audios/Actor_03/03-01-06-01-02-02-03.wav,Moderate_Stress,-34.42413330078125,15510.28125,157.29923159850804,2.8846153846153846
6,fearful,2,1,1,3,M,dataset/Audios/Actor_03/03-01-06-02-01-01-03.wav,Moderate_Stress,-21.13140869140625,9257.451171875,219.90326490659413,2.0833333333333335
6,fearful,2,1,2,3,M,dataset/Audios/Actor_03/03-01-06-02-01-02-03.wav,Moderate_Stress,-25.131568908691406,4882.8115234375,275.4604045334168,2.314814814814815
6,fearful,2,2,1,3,M,dataset/Audios/Actor_03/03-01-06-02-02-01-03.wav,Moderate_Stress,-26.093461990356445,7391.234375,263.0210544784999,2.9761904761904763
6,fearful,2,2,2,3,M,dataset/Audios/Actor_03/03-01-06-02-02-02-03.wav,Moderate_Stress,-29.812179565429688,7685.36962890625,273.87386934825736,2.34375
7,disgust,1,1,1,3,M,dataset/Audios/Actor_03/03-01-07-01-01-01-03.wav,Severe_Stress,-39.166263580322266,20720.5390625,181.73609144327253,1.8203883495145632
7,disgust,1,1,2,3,M,dataset/Audios/Actor_03/03-01-07-01-01-02-03.wav,Severe_Stress,-32.93259811401367,15785.88671875,126.29915234996876,2.840909090909091
7,disgust,1,2,1,3,M,dataset/Audios/Actor_03/03-01-07-01-02-01-03.wav,Severe_Stress,-33.82991409301758,13634.865234375,135.36407982952483,3.125
7,disgust,1,2,2,3,M,dataset/Audios/Actor_03/03-01-07-01-02-02-03.wav,Severe_Stress,-31.99736213684082,11820.05859375,145.9200662802185,2.798507462686567
7,disgust,2,1,1,3,M,dataset/Audios/Actor_03/03-01-07-02-01-01-03.wav,Severe_Stress,-33.14711380004883,14646.6083984375,95.99409983758042,2.4038461538461537
7,disgust,2,1,2,3,M,dataset/Audios/Actor_03/03-01-07-02-01-02-03.wav,Severe_Stress,-35.60796356201172,18945.466796875,151.83722807656522,1.65929203539823
7,disgust,2,2,1,3,M,dataset/Audios/Actor_03/03-01-07-02-02-01-03.wav,Severe_Stress,-34.15034103393555,15109.2861328125,153.70651218352927,1.953125
7,disgust,2,2,2,3,M,dataset/Audios/Actor_03/03-01-07-02-02-02-03.wav,Severe_Stress,-32.67691421508789,10352.0556640625,218.63306796596575,2.2865853658536586
8,surprised,1,1,1,3,M,dataset/Audios/Actor_03/03-01-08-01-01-01-03.wav,Mild_Stress,-34.617218017578125,9936.66796875,226.9987427112612,3.90625
8,surprised,1,1,2,3,M,dataset/Audios/Actor_03/03-01-08-01-01-02-03.wav,Mild_Stress,-28.707752227783203,10363.376953125,219.8995964441766,3.75
8,surprised,1,2,1,3,M,dataset/Audios/Actor_03/03-01-08-01-02-01-03.wav,Mild_Stress,-32.589298248291016,10326.626953125,168.58914210463126,4.36046511627907
8,surprised,1,2,2,3,M,dataset/Audios/Actor_03/03-01-08-01-02-02-03.wav,Mild_Stress,-28.09953498840332,8787.43359375,205.7678575319564,3.409090909090909
8,surprised,2,1,1,3,M,dataset/Audios/Actor_03/03-01-08-02-01-01-03.wav,Mild_Stress,-28.96279525756836,6709.33837890625,221.81408426234952,4.076086956521739
8,surprised,2,1,2,3,M,dataset/Audios/Actor_03/03-01-08-02-01-02-03.wav,Mild_Stress,-23.1640625,6107.8330078125,246.828951447135,3.4722222222222223
8,surprised,2,2,1,3,M,dataset/Audios/Actor_03/03-01-08-02-02-01-03.wav,Mild_Stress,-28.430898666381836,5647.9814453125,255.5376185423285,3.6764705882352944
8,surprised,2,2,2,3,M,dataset/Audios/Actor_03/03-01-08-02-02-02-03.wav,Mild_Stress,-30.256467819213867,7790.8251953125,225.0395058615972,4.36046511627907
1,neutral,1,1,1,4,F,dataset/Audios/Actor_04/03-01-01-01-01-01-04.wav,Healthy,-41.31161117553711,17017.888671875,240.49679036854232,4.166666666666667
1,neutral,1,1,2,4,F,dataset/Audios/Actor_04/03-01-01-01-01-02-04.wav,Healthy,-44.9082145690918,17043.75390625,237.0478470251364,4.076086956521739
1,neutral,1,2,1,4,F,dataset/Audios/Actor_04/03-01-01-01-02-01-04.wav,Healthy,-45.82318115234375,17288.267578125,205.1735783080468,4.464285714285714
1,neutral,1,2,2,4,F,dataset/Audios/Actor_04/03-01-01-01-02-02-04.wav,Healthy,-45.07833480834961,17263.685546875,205.17700110451057,4.573170731707317
2,calm,1,1,1,4,F,dataset/Audios/Actor_04/03-01-02-01-01-01-04.wav,Healthy,-45.58074188232422,16526.998046875,211.1856230526212,3.232758620689655
2,calm,1,1,2,4,F,dataset/Audios/Actor_04/03-01-02-01-01-02-04.wav,Healthy,-43.067161560058594,16344.96875,218.63306796596575,3.1779661016949152
2,calm,1,2,1,4,F,dataset/Audios/Actor_04/03-01-02-01-02-01-04.wav,Healthy,-43.64494323730469,17799.6171875,227.0441866969824,2.9761904761904763
2,calm,1,2,2,4,F,dataset/Audios/Actor_04/03-01-02-01-02-02-04.wav,Healthy,-46.39630126953125,18231.630859375,248.26295858019807,3.289473684210526
2,calm,2,1,1,4,F,dataset/Audios/Actor_04/03-01-02-02-01-01-04.wav,Healthy,-45.15015411376953,19194.9609375,232.97550689710764,2.7573529411764706
2,calm,2,1,2,4,F,dataset/Audios/Actor_04/03-01-02-02-01-02-04.wav,Healthy,-44.24148178100586,18361.572265625,226.34314645699223,3.0737704918032787
2,calm,2,2,1,4,F,dataset/Audios/Actor_04/03-01-02-02-02-01-04.wav,Healthy,-43.300907135009766,18690.75390625,224.4139004063763,2.604166666666667
2,calm,2,2,2,4,F,dataset/Audios/Actor_04/03-01-02-02-02-02-04.wav,Healthy,-46.6909294128418,17026.107421875,222.45470667747657,2.798507462686567
3,happy,1,1,1,4,F,dataset/Audios/Actor_04/03-01-03-01-01-01-04.wav,Healthy,-41.68419647216797,13477.330078125,218.0034510604891,3.75
3,happy,1,1,2,4,F,dataset/Audios/Actor_04/03-01-03-01-01-02-04.wav,Healthy,-38.65420150756836,10329.8466796875,310.98499165172495,3.75
3,happy,1,2,1,4,F,dataset/Audios/Actor_04/03-01-03-01-02-01-04.wav,Healthy,-37.42961883544922,11938.62109375,242.58857779956992,3.75
3,happy,1,2,2,4,F,dataset/Audios/Actor_04/03-01-03-01-02-02-04.wav,Healthy,-37.67284393310547,11134.1337890625,278.66110025943624,3.90625
3,happy,2,1,1,4,F,dataset/Audios/Actor_04/03-01-03-02-01-01-04.wav,Healthy,-33.31402587890625,7940.00537109375,293.53564205943246,3.1779661016949152
3,happy,2,1,2,4,F,dataset/Audios/Actor_04/03-01-03-02-01-02-04.wav,Healthy,-33.28438186645508,6568.27294921875,261.5061646776419,3.75
3,happy,2,2,1,4,F,dataset/Audios/Actor_04/03-01-03-02-02-01-04.wav,Healthy,-37.88348388671875,7752.92529296875,312.7865093813503,3.605769230769231
3,happy,2,2,2,4,F,dataset/Audios/Actor_04/03-01-03-02-02-02-04.wav,Healthy,-35.230796813964844,5154.7998046875,347.08152140234097,3.3482142857142856
4,sad,1,1,1,4,F,dataset/Audios/Actor_04/03-01-04-01-01-01-04.wav,Mild_Stress,-42.38780975341797,17648.583984375,231.63753093186068,3.98936170212766
4,sad,1,1,2,4,F,dataset/Audios/Actor_04/03-01-04-01-01-02-04.wav,Mild_Stress,-38.405784606933594,11367.6103515625,295.23115155842805,3.98936170212766
4,sad,1,2,1,4,F,dataset/Audios/Actor_04/03-01-04-01-02-01-04.wav,Mild_Stress,-42.17367172241211,11368.248046875,323.816901813294,3.90625
4,sad,1,2,2,4,F,dataset/Audios/Actor_04/03-01-04-01-02-02-04.wav,Mild_Stress,-44.1771125793457,12183.87890625,343.0777800808822,3.826530612244898
4,sad,2,1,1,4,F,dataset/Audios/Actor_04/03-01-04-02-01-01-04.wav,Mild_Stress,-37.15679168701172,9087.8212890625,248.9778913649847,3.4722222222222223
4,sad,2,1,2,4,F,dataset/Audios/Actor_04/03-01-04-02-01-02-04.wav,Mild_Stress,-30.551189422607425,8372.201171875,261.5061646776419,3.409090909090909
4,sad,2,2,1,4,F,dataset/Audios/Actor_04/03-01-04-02-02-01-04.wav,Mild_Stress,-37.13302993774414,7393.2412109375,280.2753675911423,3.289473684210526
4,sad,2,2,2,4,F,dataset/Audios/Actor_04/03-01-04-02-02-02-04.wav,Mild_Stress,-38.62946319580078,8291.4072265625,258.50251019256234,2.8846153846153846
5,angry,1,1,1,4,F,dataset/Audios/Actor_04/03-01-05-01-01-01-04.wav,Moderate_Stress,-37.72533416748047,11162.47265625,264.54913319883065,3.409090909090909
5,angry,1,1,2,4,F,dataset/Audios/Actor_04/03-01-05-01-01-02-04.wav,Moderate_Stress,-34.31386184692383,9291.2392578125,257.75807774215764,3.6764705882352944
5,angry,1,2,1,4,F,dataset/Audios/Actor_04/03-01-05-01-02-01-04.wav,Moderate_Stress,-39.05532455444336,9067.20703125,280.2753675911423,3.90625
5,angry,1,2,2,4,F,dataset/Audios/Actor_04/03-01-05-01-02-02-04.wav,Moderate_Stress,-38.74136734008789,10766.8916015625,257.013645291753,3.289473684210526
5,angry,2,1,1,4,F,dataset/Audios/Actor_04/03-01-05-02-01-01-04.wav,Moderate_Stress,-26.442115783691406,4122.33544921875,320.0975474696782,3.4722222222222223
5,angry,2,1,2,4,F,dataset/Audios/Actor_04/03-01-05-02-01-02-04.wav,Moderate_Stress,-27.818675994873047,4909.5576171875,273.87386934825736,3.232758620689655
5,angry,2,2,1,4,F,dataset/Audios/Actor_04/03-01-05-02-02-01-04.wav,Moderate_Stress,-30.83489990234375,4351.1904296875,316.4209135543536,3.4722222222222223
5,angry,2,2,2,4,F,dataset/Audios/Actor_04/03-01-05-02-02-02-04.wav,Moderate_Stress,-35.41644287109375,5470.669921875,320.0975474696782,3.1779661016949152
6,fearful,1,1,1,4,F,dataset/Audios/Actor_04/03-01-06-01-01-01-04.wav,Moderate_Stress,-38.56767654418945,9854.6708984375,335.23628019429054,4.36046511627907
6,fearful,1,1,2,4,F,dataset/Audios/Actor_04/03-01-06-01-01-02-04.wav,Moderate_Stress,-37.454322814941406,9421.0908203125,362.4254600227764,3.98936170212766
6,fearful,1,2,1,4,F,dataset/Audios/Actor_04/03-01-06-01-02-01-04.wav,Moderate_Stress,-39.10636520385742,9193.083984375,339.1315381390467,4.076086956521739
6,fearful,1,2,2,4,F,dataset/Audios/Actor_04/03-01-06-01-02-02-04.wav,Moderate_Stress,-39.401023864746094,9501.646484375,344.06575490449006,4.076086956521739
6,fearful,2,1,1,4,F,dataset/Audios/Actor_04/03-01-06-02-01-01-04.wav,Moderate_Stress,-25.013120651245117,6198.51904296875,283.5509306768582,2.7573529411764706
6,fearful,2,1,2,4,F,dataset/Audios/Actor_04/03-01-06-02-01-02-04.wav,Moderate_Stress,-26.413665771484375,5719.76416015625,266.0772119191614,4.261363636363637
6,fearful,2,2,1,4,F,dataset/Audios/Actor_04/03-01-06-02-02-01-04.wav,Moderate_Stress,-31.14707946777344,4554.3583984375,254.42953275011928,3.826530612244898
6,fearful,2,2,2,4,F,dataset/Audios/Actor_04/03-01-06-02-02-02-04.wav,Moderate_Stress,-31.54813766479492,4634.3857421875,334.3043298468415,3.826530612244898
7,disgust,1,1,1,4,F,dataset/Audios/Actor_04/03-01-07-01-01-01-04.wav,Severe_Stress,-36.09691619873047,13867.1884765625,243.99387913449723,3.0737704918032787
7,disgust,1,1,2,4,F,dataset/Audios/Actor_04/03-01-07-01-01-02-04.wav,Severe_Stress,-36.9445915222168,13230.9501953125,277.05613042340593,3.0737704918032787
7,disgust,1,2,1,4,F,dataset/Audios/Actor_04/03-01-07-01-02-01-04.wav,Severe_Stress,-40.0784797668457,13307.0927734375,280.2753675911423,3.232758620689655
7,disgust,1,2,2,4,F,dataset/Audios/Actor_04/03-01-07-01-02-02-04.wav,Severe_Stress,-36.91265869140625,12148.9208984375,279.46823392528927,3.289473684210526
7,disgust,2,1,1,4,F,dataset/Audios/Actor_04/03-01-07-02-01-01-04.wav,Severe_Stress,-32.85948181152344,9636.09375,286.82649376257405,2.9761904761904763
7,disgust,2,1,2,4,F,dataset/Audios/Actor_04/03-01-07-02-01-02-04.wav,Severe_Stress,-35.843265533447266,10766.9267578125,261.5061646776419,2.9761904761904763
7,disgust,2,2,1,4,F,dataset/Audios/Actor_04/03-01-07-02-02-01-04.wav,Severe_Stress,-42.80698776245117,12961.5791015625,272.296471933363,3.125
7,disgust,2,2,2,4,F,dataset/Audios/Actor_04/03-01-07-02-02-02-04.wav,Severe_Stress,-41.623748779296875,11905.4794921875,298.66655470379584,2.7573529411764706
8,surprised,1,1,1,4,F,dataset/Audios/Actor_04/03-01-08-01-01-01-04.wav,Mild_Stress,-39.807411193847656,11464.220703125,307.41302436705854,4.464285714285714
8,surprised,1,1,2,4,F,dataset/Audios/Actor_04/03-01-08-01-01-02-04.wav,Mild_Stress,-38.72383117675781,9538.1337890625,256.27350045675917,4.166666666666667
8,surprised,1,2,1,4,F,dataset/Audios/Actor_04/03-01-08-01-02-01-04.wav,Mild_Stress,-39.237648010253906,9528.3408203125,212.40900892134297,3.537735849056604
8,surprised,1,2,2,4,F,dataset/Audios/Actor_04/03-01-08-01-02-02-04.wav,Mild_Stress,-40.46055221557617,8529.1064453125,286.82649376257405,4.076086956521739
8,surprised,2,1,1,4,F,dataset/Audios/Actor_04/03-01-08-02-01-01-04.wav,Mild_Stress,-32.91202163696289,7527.2490234375,316.4209135543536,3.232758620689655
8,surprised,2,1,2,4,F,dataset/Audios/Actor_04/03-01-08-02-01-02-04.wav,Mild_Stress,-34.6247444152832,7295.37841796875,327.02852422633873,3.75
8,surprised,2,2,1,4,F,dataset/Audios/Actor_04/03-01-08-02-02-01-04.wav,Mild_Stress,-32.16960144042969,6300.86865234375,349.06885072286843,3.90625
8,surprised,2,2,2,4,F,dataset/Audios/Actor_04/03-01-08-02-02-02-04.wav,Mild_Stress,-34.73614501953125,5804.166015625,279.46823392528927,3.6764705882352944
1,neutral,1,1,1,5,M,dataset/Audios/Actor_05/03-01-01-01-01-01-05.wav,Healthy,-34.207252502441406,23131.73046875,129.25125509628117,3.537735849056604
1,neutral,1,1,2,5,M,dataset/Audios/Actor_05/03-01-01-01-01-02-05.wav,Healthy,-33.26493835449219,23829.318359375,106.8215229103595,3.409090909090909
1,neutral,1,2,1,5,M,dataset/Audios/Actor_05/03-01-01-01-02-01-05.wav,Healthy,-32.937618255615234,19657.3359375,113.50315824914895,4.261363636363637
1,neutral,1,2,2,5,M,dataset/Audios/Actor_05/03-01-01-01-02-02-05.wav,Healthy,-33.07830810546875,21488.05859375,100.82440951919276,3.6764705882352944
2,calm,1,1,1,5,M,dataset/Audios/Actor_05/03-01-02-01-01-01-05.wav,Healthy,-36.1946907043457,26110.009765625,116.15229340339896,2.798507462686567
2,calm,1,1,2,5,M,dataset/Audios/Actor_05/03-01-02-01-01-02-05.wav,Healthy,-38.34754943847656,29058.955078125,109.31653398298288,2.798507462686567
2,calm,1,2,1,5,M,dataset/Audios/Actor_05/03-01-02-01-02-01-05.wav,Healthy,-37.52227020263672,26654.962890625,119.9011051661721,2.7173913043478257
2,calm,1,2,2,5,M,dataset/Audios/Actor_05/03-01-02-01-02-02-05.wav,Healthy,-35.49708557128906,22589.2734375,121.9969395672486,2.7573529411764706
2,calm,2,1,1,5,M,dataset/Audios/Actor_05/03-01-02-02-01-01-05.wav,Healthy,-37.68088912963867,27208.130859375,115.14977748330686,2.0604395604395607
2,calm,2,1,2,5,M,dataset/Audios/Actor_05/03-01-02-02-01-02-05.wav,Healthy,-40.61673355102539,33807.66015625,106.51567644317906,2.5
2,calm,2,2,1,5,M,dataset/Audios/Actor_05/03-01-02-02-02-01-05.wav,Healthy,-38.28663635253906,28638.205078125,129.25125509628117,2.2865853658536586
2,calm,2,2,2,5,M,dataset/Audios/Actor_05/03-01-02-02-02-02-05.wav,Healthy,-39.67547225952149,32211.0390625,107.43854136004752,2.5
3,happy,1,1,1,5,M,dataset/Audios/Actor_05/03-01-03-01-01-01-05.wav,Healthy,-34.6325569152832,19986.142578125,139.3398477029464,2.798507462686567
3,happy,1,1,2,5,M,dataset/Audios/Actor_05/03-01-03-01-01-02-05.wav,Healthy,-30.79721450805664,18072.4921875,113.50315824914895,3.90625
3,happy,1,2,1,5,M,dataset/Audios/Actor_05/03-01-03-01-02-01-05.wav,Healthy,-32.30261993408203,18175.7421875,118.18259972911127,4.076086956521739
3,happy,1,2,2,5,M,dataset/Audios/Actor_05/03-01-03-01-02-02-05.wav,Healthy,-32.778053283691406,16256.884765625,179.64867439581087,2.9296875
3,happy,2,1,1,5,M,dataset/Audios/Actor_05/03-01-03-02-01-01-05.wav,Healthy,-37.987159729003906,17423.8828125,231.63366671648825,2.533783783783784
3,happy,2,1,2,5,M,dataset/Audios/Actor_05/03-01-03-02-01-02-05.wav,Healthy,-31.5114803314209,11322.30859375,253.3299482464207,2.8846153846153846
3,happy,2,2,1,5,M,dataset/Audios/Actor_05/03-01-03-02-02-01-05.wav,Healthy,-32.9218864440918,12690.896484375,209.9692833680109,3.024193548387097
3,happy,2,2,2,5,M,dataset/Audios/Actor_05/03-01-03-02-02-02-05.wav,Healthy,-32.87821578979492,11641.140625,230.29955496661373,3.75
4,sad,1,1,1,5,M,dataset/Audios/Actor_05/03-01-04-01-01-01-05.wav,Mild_Stress,-42.64673614501953,37834.046875,91.39443895545271,2.840909090909091
4,sad,1,1,2,5,M,dataset/Audios/Actor_05/03-01-04-01-01-02-05.wav,Mild_Stress,-36.58541488647461,26553.5546875,108.0609264985624,3.1779661016949152
4,sad,1,2,1,5,M,dataset/Audios/Actor_05/03-01-04-01-02-01-05.wav,Mild_Stress,-43.63570022583008,36157.4609375,225.0395058615972,3.0737704918032787
4,sad,1,2,2,5,M,dataset/Audios/Actor_05/03-01-04-01-02-02-05.wav,Mild_Stress,-41.38121795654297,35404.91015625,65.0,2.2865853658536586
4,sad,2,1,1,5,M,dataset/Audios/Actor_05/03-01-04-02-01-01-05.wav,Mild_Stress,-36.65414047241211,24225.6484375,183.84776310850236,3.4722222222222223
4,sad,2,1,2,5,M,dataset/Audios/Actor_05/03-01-04-02-01-02-05.wav,Mild_Stress,-37.51708984375,25545.251953125,151.06592630451914,4.076086956521739
4,sad,2,2,1,5,M,dataset/Audios/Actor_05/03-01-04-02-02-01-05.wav,Mild_Stress,-37.291446685791016,21910.0703125,160.5123502919532,4.261363636363637
4,sad,2,2,2,5,M,dataset/Audios/Actor_05/03-01-04-02-02-02-05.wav,Mild_Stress,-35.99192428588867,21924.09765625,225.0395058615972,4.6875
5,angry,1,1,1,5,M,dataset/Audios/Actor_05/03-01-05-01-01-01-05.wav,Moderate_Stress,-27.429264068603516,9755.8837890625,212.40900892134297,2.9761904761904763
5,angry,1,1,2,5,M,dataset/Audios/Actor_05/03-01-05-01-01-02-05.wav,Moderate_Stress,-23.823917388916016,9903.8369140625,153.70651218352927,3.0737704918032787
5,angry,1,2,1,5,M,dataset/Audios/Actor_05/03-01-05-01-02-01-05.wav,Moderate_Stress,-31.19855499267578,19421.7578125,108.68691707750624,2.4671052631578947
5,angry,1,2,2,5,M,dataset/Audios/Actor_05/03-01-05-01-02-02-05.wav,Moderate_Stress,-29.125913619995117,14528.9599609375,113.82906839799772,2.373417721518987
5,angry,2,1,1,5,M,dataset/Audios/Actor_05/03-01-05-02-01-01-05.wav,Moderate_Stress,-20.618919372558594,3197.2646484375,304.77243848804846,3.75
5,angry,2,1,2,5,M,dataset/Audios/Actor_05/03-01-05-02-01-02-05.wav,Moderate_Stress,-19.602022171020508,4021.3291015625,300.391701186791,3.537735849056604
5,angry,2,2,1,5,M,dataset/Audios/Actor_05/03-01-05-02-02-01-05.wav,Moderate_Stress,-19.765352249145508,3238.08154296875,344.06575490449006,3.537735849056604
5,angry,2,2,2,5,M,dataset/Audios/Actor_05/03-01-05-02-02-02-05.wav,Moderate_Stress,-19.932069778442383,2693.919189453125,293.5307452495941,3.537735849056604
6,fearful,1,1,1,5,M,dataset/Audios/Actor_05/03-01-06-01-01-01-05.wav,Moderate_Stress,-34.63652420043945,15446.1298828125,161.90845090664698,4.261363636363637
6,fearful,1,1,2,5,M,dataset/Audios/Actor_05/03-01-06-01-01-02-05.wav,Moderate_Stress,-34.347503662109375,16791.82421875,167.13543537342002,3.90625
6,fearful,1,2,1,5,M,dataset/Audios/Actor_05/03-01-06-01-02-01-05.wav,Moderate_Stress,-32.92905044555664,17426.44921875,128.515397948226,4.573170731707317
6,fearful,1,2,2,5,M,dataset/Audios/Actor_05/03-01-06-01-02-02-05.wav,Moderate_Stress,-30.97547149658203,12429.16015625,161.44757537798787,4.934210526315789
6,fearful,2,1,1,5,M,dataset/Audios/Actor_05/03-01-06-02-01-01-05.wav,Moderate_Stress,-30.392261505126953,5247.84619140625,285.17449472060275,4.166666666666667
6,fearful,2,1,2,5,M,dataset/Audios/Actor_05/03-01-06-02-01-02-05.wav,Moderate_Stress,-30.855579376220703,5893.9599609375,259.25125509628117,3.3482142857142856
6,fearful,2,2,1,5,M,dataset/Audios/Actor_05/03-01-06-02-02-01-05.wav,Moderate_Stress,-32.750370025634766,6836.6484375,257.013645291753,4.261363636363637
6,fearful,2,2,2,5,M,dataset/Audios/Actor_05/03-01-06-02-02-02-05.wav,Moderate_Stress,-33.667724609375,9164.6708984375,295.23115155842805,3.4722222222222223
7,disgust,1,1,1,5,M,dataset/Audios/Actor_05/03-01-07-01-01-01-05.wav,Severe_Stress,-36.669395446777344,25145.0234375,85.27402678843417,2.6785714285714284
7,disgust,1,1,2,5,M,dataset/Audios/Actor_05/03-01-07-01-01-02-05.wav,Severe_Stress,-33.78357696533203,20137.099609375,89.56566214134062,2.798507462686567
7,disgust,1,2,1,5,M,dataset/Audios/Actor_05/03-01-07-01-02-01-05.wav,Severe_Stress,-34.799739837646484,21803.998046875,89.3069870847758,2.9296875
7,disgust,1,2,2,5,M,dataset/Audios/Actor_05/03-01-07-01-02-02-05.wav,Severe_Stress,-32.73207092285156,18672.458984375,101.13668744477874,3.4722222222222223
7,disgust,2,1,1,5,M,dataset/Audios/Actor_05/03-01-07-02-01-01-05.wav,Severe_Stress,-35.979026794433594,20631.59765625,162.84637702113662,2.435064935064935
7,disgust,2,1,2,5,M,dataset/Audios/Actor_05/03-01-07-02-01-02-05.wav,Severe_Stress,-32.343421936035156,14116.4208984375,176.05395534970825,2.9296875
7,disgust,2,2,1,5,M,dataset/Audios/Actor_05/03-01-07-02-02-01-05.wav,Severe_Stress,-35.5142822265625,15693.20703125,193.6580702059513,2.4038461538461537
7,disgust,2,2,2,5,M,dataset/Audios/Actor_05/03-01-07-02-02-02-05.wav,Severe_Stress,-35.862361907958984,21282.01171875,132.65548296646497,1.8203883495145632
8,surprised,1,1,1,5,M,dataset/Audios/Actor_05/03-01-08-01-01-01-05.wav,Mild_Stress,-33.58434295654297,16608.158203125,201.6521830332547,3.125
8,surprised,1,1,2,5,M,dataset/Audios/Actor_05/03-01-08-01-01-02-05.wav,Mild_Stress,-34.34197235107422,14987.3076171875,225.0395058615972,3.1779661016949152
8,surprised,1,2,1,5,M,dataset/Audios/Actor_05/03-01-08-01-02-01-05.wav,Mild_Stress,-34.79245376586914,13927.787109375,256.28205099273316,4.6875
8,surprised,1,2,2,5,M,dataset/Audios/Actor_05/03-01-08-01-02-02-05.wav,Mild_Stress,-35.089725494384766,15913.302734375,182.8163228061972,3.1779661016949152
8,surprised,2,1,1,5,M,dataset/Audios/Actor_05/03-01-08-02-01-01-05.wav,Mild_Stress,-34.38125228881836,14380.794921875,242.58857779956992,2.6408450704225355
8,surprised,2,1,2,5,M,dataset/Audios/Actor_05/03-01-08-02-01-02-05.wav,Mild_Stress,-32.8875846862793,12878.255859375,248.25881701670832,2.604166666666667
8,surprised,2,2,1,5,M,dataset/Audios/Actor_05/03-01-08-02-02-01-05.wav,Mild_Stress,-34.271827697753906,11448.828125,216.74784357606865,3.4722222222222223
8,surprised,2,2,2,5,M,dataset/Audios/Actor_05/03-01-08-02-02-02-05.wav,Mild_Stress,-35.92017364501953,16476.30859375,238.4210512332145,3.0737704918032787
1,neutral,1,1,1,6,F,dataset/Audios/Actor_06/03-01-01-01-01-01-06.wav,Healthy,-49.00421524047851,20404.107421875,231.63366671648825,4.076086956521739
1,neutral,1,1,2,6,F,dataset/Audios/Actor_06/03-01-01-01-01-02-06.wav,Healthy,-45.72381210327149,20061.5,237.0478470251364,3.3482142857142856
1,neutral,1,2,1,6,F,dataset/Audios/Actor_06/03-01-01-01-02-01-06.wav,Healthy,-46.3720588684082,19059.78515625,234.3251202788159,3.826530612244898
1,neutral,1,2,2,6,F,dataset/Audios/Actor_06/03-01-01-01-02-02-06.wav,Healthy,-47.46998596191406,18944.208984375,226.34314645699223,3.75
2,calm,1,1,1,6,F,dataset/Audios/Actor_06/03-01-02-01-01-01-06.wav,Healthy,-50.57130432128906,29311.513671875,197.04315364635175,2.205882352941176
2,calm,1,1,2,6,F,dataset/Audios/Actor_06/03-01-02-01-01-02-06.wav,Healthy,-51.89583206176758,31032.359375,209.9692833680109,1.9736842105263157
2,calm,1,2,1,6,F,dataset/Audios/Actor_06/03-01-02-01-02-01-06.wav,Healthy,-49.94227600097656,28720.80859375,202.2328889009313,2.0161290322580645
2,calm,1,2,2,6,F,dataset/Audios/Actor_06/03-01-02-01-02-02-06.wav,Healthy,-49.167232513427734,23139.666015625,200.48740730303228,2.6408450704225355
2,calm,2,1,1,6,F,dataset/Audios/Actor_06/03-01-02-02-01-01-06.wav,Healthy,-50.43874740600586,29576.546875,205.1735783080468,1.7361111111111112
2,calm,2,1,2,6,F,dataset/Audios/Actor_06/03-01-02-02-01-02-06.wav,Healthy,-48.346920013427734,25910.728515625,195.90826859169485,2.205882352941176
2,calm,2,2,1,6,F,dataset/Audios/Actor_06/03-01-02-02-02-01-06.wav,Healthy,-51.38109588623047,26150.72265625,202.8169587634771,2.4038461538461537
2,calm,2,2,2,6,F,dataset/Audios/Actor_06/03-01-02-02-02-02-06.wav,Healthy,-52.78180313110352,32012.37890625,193.6580702059513,1.6304347826086956
3,happy,1,1,1,6,F,dataset/Audios/Actor_06/03-01-03-01-01-01-06.wav,Healthy,-46.40125274658203,16189.2724609375,237.0636653055801,3.3482142857142856
3,happy,1,1,2,6,F,dataset/Audios/Actor_06/03-01-03-01-01-02-06.wav,Healthy,-48.52083587646485,14529.720703125,246.828951447135,2.9761904761904763
3,happy,1,2,1,6,F,dataset/Audios/Actor_06/03-01-03-01-02-01-06.wav,Healthy,-49.911773681640625,15363.419921875,262.2636095780709,3.6764705882352944
3,happy,1,2,2,6,F,dataset/Audios/Actor_06/03-01-03-01-02-02-06.wav,Healthy,-46.50303268432617,15001.6201171875,271.51231579620634,3.75
3,happy,2,1,1,6,F,dataset/Audios/Actor_06/03-01-03-02-01-01-06.wav,Healthy,-33.42985534667969,8083.64990234375,311.88575051653766,3.0737704918032787
3,happy,2,1,2,6,F,dataset/Audios/Actor_06/03-01-03-02-01-02-06.wav,Healthy,-36.388404846191406,7919.3994140625,280.2753675911423,3.0737704918032787
3,happy,2,2,1,6,F,dataset/Audios/Actor_06/03-01-03-02-02-01-06.wav,Healthy,-36.94154739379883,8073.3779296875,270.72815965904965,3.232758620689655
3,happy,2,2,2,6,F,dataset/Audios/Actor_06/03-01-03-02-02-02-06.wav,Healthy,-35.008262634277344,7254.1728515625,284.3627400204714,3.409090909090909
4,sad,1,1,1,6,F,dataset/Audios/Actor_06/03-01-04-01-01-01-06.wav,Mild_Stress,-49.10675430297851,26995.6015625,223.74337368352585,3.289473684210526
4,sad,1,1,2,6,F,dataset/Audios/Actor_06/03-01-04-01-01-02-06.wav,Mild_Stress,-51.639015197753906,29476.724609375,231.63753093186068,2.568493150684932
4,sad,1,2,1,6,F,dataset/Audios/Actor_06/03-01-04-01-02-01-06.wav,Mild_Stress,-50.258174896240234,22167.060546875,227.65813679599543,3.537735849056604
4,sad,1,2,2,6,F,dataset/Audios/Actor_06/03-01-04-01-02-02-06.wav,Mild_Stress,-50.44659805297851,24278.470703125,227.68852020000705,3.537735849056604
4,sad,2,1,1,6,F,dataset/Audios/Actor_06/03-01-04-02-01-01-06.wav,Mild_Stress,-38.92789077758789,12430.3232421875,221.17346184722248,2.1551724137931036
4,sad,2,1,2,6,F,dataset/Audios/Actor_06/03-01-04-02-01-02-06.wav,Mild_Stress,-53.46380615234375,31498.048828125,234.3290293942082,1.8028846153846152
4,sad,2,2,1,6,F,dataset/Audios/Actor_06/03-01-04-02-02-01-06.wav,Mild_Stress,-38.17311096191406,12428.099609375,225.0395058615972,1.9329896907216495
4,sad,2,2,2,6,F,dataset/Audios/Actor_06/03-01-04-02-02-02-06.wav,Mild_Stress,-47.69533157348633,15429.5166015625,333.30546129938955,2.0604395604395607
5,angry,1,1,1,6,F,dataset/Audios/Actor_06/03-01-05-01-01-01-06.wav,Moderate_Stress,-41.69038772583008,15585.783203125,243.2912284670336,3.1779661016949152
5,angry,1,1,2,6,F,dataset/Audios/Actor_06/03-01-05-01-01-02-06.wav,Moderate_Stress,-40.10718536376953,16820.05078125,255.5333556217653,2.604166666666667
5,angry,1,2,1,6,F,dataset/Audios/Actor_06/03-01-05-01-02-01-06.wav,Moderate_Stress,-43.37033462524414,14329.900390625,254.06159179290393,2.568493150684932
5,angry,1,2,2,6,F,dataset/Audios/Actor_06/03-01-05-01-02-02-06.wav,Moderate_Stress,-40.70856094360352,13108.3369140625,278.66110025943624,2.8846153846153846
5,angry,2,1,1,6,F,dataset/Audios/Actor_06/03-01-05-02-01-01-06.wav,Moderate_Stress,-25.01549911499023,4544.13623046875,290.159257083858,2.7173913043478257
5,angry,2,1,2,6,F,dataset/Audios/Actor_06/03-01-05-02-01-02-06.wav,Moderate_Stress,-24.411102294921875,4585.0087890625,283.532010492967,2.604166666666667
5,angry,2,2,1,6,F,dataset/Audios/Actor_06/03-01-05-02-02-01-06.wav,Moderate_Stress,-31.0849552154541,5310.58056640625,245.40732129724032,2.314814814814815
5,angry,2,2,2,6,F,dataset/Audios/Actor_06/03-01-05-02-02-02-06.wav,Moderate_Stress,-30.127361297607425,6280.76025390625,261.5061646776419,2.34375
6,fearful,1,1,1,6,F,dataset/Audios/Actor_06/03-01-06-01-01-01-06.wav,Moderate_Stress,-45.01179504394531,18461.314453125,269.1733705931788,3.1779661016949152
6,fearful,1,1,2,6,F,dataset/Audios/Actor_06/03-01-06-01-01-02-06.wav,Moderate_Stress,-44.855323791503906,17132.130859375,270.73267606606055,3.537735849056604
6,fearful,1,2,1,6,F,dataset/Audios/Actor_06/03-01-06-01-02-01-06.wav,Moderate_Stress,-49.384395599365234,16424.46875,288.48806273763967,3.3482142857142856
6,fearful,1,2,2,6,F,dataset/Audios/Actor_06/03-01-06-01-02-02-06.wav,Moderate_Stress,-43.8175048828125,16493.734375,277.05613042340593,3.409090909090909
6,fearful,2,1,1,6,F,dataset/Audios/Actor_06/03-01-06-02-01-01-06.wav,Moderate_Stress,-30.914270401000977,5241.53662109375,343.0720568009525,3.289473684210526
6,fearful,2,1,2,6,F,dataset/Audios/Actor_06/03-01-06-02-01-02-06.wav,Moderate_Stress,-33.05254364013672,5925.09716796875,357.22794833910325,2.9296875
6,fearful,2,2,1,6,F,dataset/Audios/Actor_06/03-01-06-02-02-01-06.wav,Moderate_Stress,-32.9769401550293,5394.1044921875,337.17828420926253,3.1779661016949152
6,fearful,2,2,2,6,F,dataset/Audios/Actor_06/03-01-06-02-02-02-06.wav,Moderate_Stress,-29.5091552734375,4258.5693359375,367.6955262170047,3.125
7,disgust,1,1,1,6,F,dataset/Audios/Actor_06/03-01-07-01-01-01-06.wav,Severe_Stress,-49.04713439941406,24437.767578125,226.34692241356368,2.435064935064935
7,disgust,1,1,2,6,F,dataset/Audios/Actor_06/03-01-07-01-01-02-06.wav,Severe_Stress,-46.333457946777344,24763.849609375,235.68255189130872,2.435064935064935
7,disgust,1,2,1,6,F,dataset/Audios/Actor_06/03-01-07-01-02-01-06.wav,Severe_Stress,-50.01207733154297,25849.033203125,230.29955496661373,3.125
7,disgust,1,2,2,6,F,dataset/Audios/Actor_06/03-01-07-01-02-02-06.wav,Severe_Stress,-50.53459930419922,25552.99609375,207.55758045272896,2.568493150684932
7,disgust,2,1,1,6,F,dataset/Audios/Actor_06/03-01-07-02-01-01-06.wav,Severe_Stress,-44.5535774230957,13469.4775390625,361.3787371590077,2.4671052631578947
7,disgust,2,1,2,6,F,dataset/Audios/Actor_06/03-01-07-02-01-02-06.wav,Severe_Stress,-47.87500762939453,17110.240234375,269.16888019875813,2.8846153846153846
7,disgust,2,2,1,6,F,dataset/Audios/Actor_06/03-01-07-02-02-01-06.wav,Severe_Stress,-43.15830993652344,15492.2900390625,276.2674848038468,2.7173913043478257
7,disgust,2,2,2,6,F,dataset/Audios/Actor_06/03-01-07-02-02-02-06.wav,Severe_Stress,-43.11398696899414,25419.693359375,270.72815965904965,2.205882352941176
8,surprised,1,1,1,6,F,dataset/Audios/Actor_06/03-01-08-01-01-01-06.wav,Mild_Stress,-48.61560821533203,20558.6171875,257.013645291753,4.076086956521739
8,surprised,1,1,2,6,F,dataset/Audios/Actor_06/03-01-08-01-01-02-06.wav,Mild_Stress,-48.22918319702149,17990.619140625,266.08165073700314,4.36046511627907
8,surprised,1,2,1,6,F,dataset/Audios/Actor_06/03-01-08-01-02-01-06.wav,Mild_Stress,-50.195011138916016,17345.470703125,270.72815965904965,4.261363636363637
8,surprised,1,2,2,6,F,dataset/Audios/Actor_06/03-01-08-01-02-02-06.wav,Mild_Stress,-47.239017486572266,18631.90625,295.23115155842805,4.261363636363637
8,surprised,2,1,1,6,F,dataset/Audios/Actor_06/03-01-08-02-01-01-06.wav,Mild_Stress,-48.66001892089844,23933.138671875,283.532010492967,3.232758620689655
8,surprised,2,1,2,6,F,dataset/Audios/Actor_06/03-01-08-02-01-02-06.wav,Mild_Stress,-45.70927429199219,10792.47265625,335.23628019429054,3.90625
8,surprised,2,2,1,6,F,dataset/Audios/Actor_06/03-01-08-02-02-01-06.wav,Mild_Stress,-45.209686279296875,11506.2900390625,359.2973487916218,3.90625
8,surprised,2,2,2,6,F,dataset/Audios/Actor_06/03-01-08-02-02-02-06.wav,Mild_Stress,-44.08338165283203,11753.0927734375,337.17828420926253,4.076086956521739
1,neutral,1,1,1,7,M,dataset/Audios/Actor_07/03-01-01-01-01-01-07.wav,Healthy,-33.4952507019043,19019.90625,112.5197529307986,2.8846153846153846
1,neutral,1,1,2,7,M,dataset/Audios/Actor_07/03-01-01-01-01-02-07.wav,Healthy,-32.64833068847656,18915.6171875,117.84127594565436,2.9761904761904763
1,neutral,1,2,1,7,M,dataset/Audios/Actor_07/03-01-01-01-02-01-07.wav,Healthy,-35.301170349121094,17697.412109375,128.5068226458765,2.9296875
1,neutral,1,2,2,7,M,dataset/Audios/Actor_07/03-01-01-01-02-02-07.wav,Healthy,-32.4288215637207,19467.263671875,108.0609264985624,2.9761904761904763
2,calm,1,1,1,7,M,dataset/Audios/Actor_07/03-01-02-01-01-01-07.wav,Healthy,-33.91761779785156,21132.09765625,103.18106837793296,3.605769230769231
2,calm,1,1,2,7,M,dataset/Audios/Actor_07/03-01-02-01-01-02-07.wav,Healthy,-35.186866760253906,22306.119140625,104.69278641930222,3.125
2,calm,1,2,1,7,M,dataset/Audios/Actor_07/03-01-02-01-02-01-07.wav,Healthy,-34.61548614501953,27716.833984375,118.5239235125682,2.533783783783784
2,calm,1,2,2,7,M,dataset/Audios/Actor_07/03-01-02-01-02-02-07.wav,Healthy,-35.8525505065918,19821.02734375,127.76667781088264,3.4722222222222223
2,calm,2,1,1,7,M,dataset/Audios/Actor_07/03-01-02-02-01-01-07.wav,Healthy,-35.51751708984375,23369.0546875,114.4865635674993,1.99203187250996
2,calm,2,1,2,7,M,dataset/Audios/Actor_07/03-01-02-02-01-02-07.wav,Healthy,-43.766597747802734,27665.220703125,118.5239235125682,2.0161290322580645
2,calm,2,2,1,7,M,dataset/Audios/Actor_07/03-01-02-02-02-01-07.wav,Healthy,-35.88147735595703,21888.681640625,128.5089664535819,2.2865853658536586
2,calm,2,2,2,7,M,dataset/Audios/Actor_07/03-01-02-02-02-02-07.wav,Healthy,-34.44989776611328,23507.900390625,99.95835801540863,2.314814814814815
3,happy,1,1,1,7,M,dataset/Audios/Actor_07/03-01-03-01-01-01-07.wav,Healthy,-32.338626861572266,18680.1015625,119.21052561660726,3.4722222222222223
3,happy,1,1,2,7,M,dataset/Audios/Actor_07/03-01-03-01-01-02-07.wav,Healthy,-31.764684677124023,15859.8359375,157.29923159850804,3.537735849056604
3,happy,1,2,1,7,M,dataset/Audios/Actor_07/03-01-03-01-02-01-07.wav,Healthy,-33.389060974121094,14668.74609375,181.2127300113882,3.826530612244898
3,happy,1,2,2,7,M,dataset/Audios/Actor_07/03-01-03-01-02-02-07.wav,Healthy,-33.389060974121094,14668.74609375,181.2127300113882,3.826530612244898
3,happy,2,1,1,7,M,dataset/Audios/Actor_07/03-01-03-02-01-01-07.wav,Healthy,-29.50177001953125,11724.2744140625,211.79731598698208,2.106741573033708
3,happy,2,1,2,7,M,dataset/Audios/Actor_07/03-01-03-02-01-02-07.wav,Healthy,-26.004470825195312,7698.19140625,251.87087511019868,2.533783783783784
3,happy,2,2,1,7,M,dataset/Audios/Actor_07/03-01-03-02-02-01-07.wav,Healthy,-32.213348388671875,12632.2666015625,214.87708272009507,2.0833333333333335
3,happy,2,2,2,7,M,dataset/Audios/Actor_07/03-01-03-02-02-02-07.wav,Healthy,-29.11673355102539,8643.3515625,263.0210544784999,2.604166666666667
4,sad,1,1,1,7,M,dataset/Audios/Actor_07/03-01-04-01-01-01-07.wav,Mild_Stress,-39.709197998046875,22765.970703125,145.08930975304204,3.537735849056604
4,sad,1,1,2,7,M,dataset/Audios/Actor_07/03-01-04-01-01-02-07.wav,Mild_Stress,-35.1545295715332,22457.8359375,112.84566307964737,3.4722222222222223
4,sad,1,2,1,7,M,dataset/Audios/Actor_07/03-01-04-01-02-01-07.wav,Mild_Stress,-37.44505310058594,21756.62890625,132.2723599733492,3.409090909090909
4,sad,1,2,2,7,M,dataset/Audios/Actor_07/03-01-04-01-02-02-07.wav,Mild_Stress,-34.13207244873047,15720.6875,136.93693467412865,2.9296875
4,sad,2,1,1,7,M,dataset/Audios/Actor_07/03-01-04-02-01-01-07.wav,Mild_Stress,-42.50279998779297,20130.3671875,208.75994928447787,2.4038461538461537
4,sad,2,1,2,7,M,dataset/Audios/Actor_07/03-01-04-02-01-02-07.wav,Mild_Stress,-40.03072738647461,22410.35546875,180.68936857950385,2.0853698273053114
4,sad,2,2,1,7,M,dataset/Audios/Actor_07/03-01-04-02-02-01-07.wav,Mild_Stress,-39.11559295654297,18915.294921875,189.23491376948436,2.2413149047441165
4,sad,2,2,2,7,M,dataset/Audios/Actor_07/03-01-04-02-02-02-07.wav,Mild_Stress,-37.60354995727539,14737.0048828125,163.31805675373505,3.024193548387097
5,angry,1,1,1,7,M,dataset/Audios/Actor_07/03-01-05-01-01-01-07.wav,Moderate_Stress,-25.072933197021484,8790.5595703125,196.48226650860883,2.798507462686567
5,angry,1,1,2,7,M,dataset/Audios/Actor_07/03-01-05-01-01-02-07.wav,Moderate_Stress,-22.36983871459961,5846.47509765625,254.06159179290393,2.798507462686567
5,angry,1,2,1,7,M,dataset/Audios/Actor_07/03-01-05-01-02-01-07.wav,Moderate_Stress,-30.518497467041016,15156.3232421875,108.68691707750624,2.798507462686567
5,angry,1,2,2,7,M,dataset/Audios/Actor_07/03-01-05-01-02-02-07.wav,Moderate_Stress,-26.846752166748047,10023.3369140625,156.39325469067515,2.798507462686567
5,angry,2,1,1,7,M,dataset/Audios/Actor_07/03-01-05-02-01-01-07.wav,Moderate_Stress,-17.298192977905273,5151.189453125,241.8899741021552,3.537735849056604
5,angry,2,1,2,7,M,dataset/Audios/Actor_07/03-01-05-02-01-02-07.wav,Moderate_Stress,-18.10877990722656,4390.23583984375,240.49679036854232,2.840909090909091
5,angry,2,2,1,7,M,dataset/Audios/Actor_07/03-01-05-02-02-01-07.wav,Moderate_Stress,-23.526437759399418,2941.444580078125,280.29407045818647,3.125
5,angry,2,2,2,7,M,dataset/Audios/Actor_07/03-01-05-02-02-02-07.wav,Moderate_Stress,-23.340421676635746,4439.67041015625,280.2753675911423,2.4671052631578947
6,fearful,1,1,1,7,M,dataset/Audios/Actor_07/03-01-06-01-01-01-07.wav,Moderate_Stress,-46.532752990722656,31088.47265625,188.14500086724917,1.8564356435643563
6,fearful,1,1,2,7,M,dataset/Audios/Actor_07/03-01-06-01-01-02-07.wav,Moderate_Stress,-41.72607421875,15504.6533203125,206.36213675586595,3.605769230769231
6,fearful,1,2,1,7,M,dataset/Audios/Actor_07/03-01-06-01-02-01-07.wav,Moderate_Stress,-37.8614387512207,16340.79296875,179.64867439581087,3.75
6,fearful,1,2,2,7,M,dataset/Audios/Actor_07/03-01-06-01-02-02-07.wav,Moderate_Stress,-40.92469024658203,15950.6953125,183.84776310850236,3.90625
6,fearful,2,1,1,7,M,dataset/Audios/Actor_07/03-01-06-02-01-01-07.wav,Moderate_Stress,-35.39145278930664,6989.1630859375,309.19384990070745,3.3482142857142856
6,fearful,2,1,2,7,M,dataset/Audios/Actor_07/03-01-06-02-01-02-07.wav,Moderate_Stress,-36.93610763549805,9318.103515625,276.25826747841137,3.537735849056604
6,fearful,2,2,1,7,M,dataset/Audios/Actor_07/03-01-06-02-02-01-07.wav,Moderate_Stress,-32.740203857421875,4348.33349609375,357.22794833910325,3.826530612244898
6,fearful,2,2,2,7,M,dataset/Audios/Actor_07/03-01-06-02-02-02-07.wav,Moderate_Stress,-33.86912155151367,5315.6630859375,361.3787371590077,3.6764705882352944
7,disgust,1,1,1,7,M,dataset/Audios/Actor_07/03-01-07-01-01-01-07.wav,Severe_Stress,-33.92148208618164,18133.24609375,125.57172276022992,3.537735849056604
7,disgust,1,1,2,7,M,dataset/Audios/Actor_07/03-01-07-01-01-02-07.wav,Severe_Stress,-33.60005187988281,17073.57421875,125.57172276022992,3.605769230769231
7,disgust,1,2,1,7,M,dataset/Audios/Actor_07/03-01-07-01-02-01-07.wav,Severe_Stress,-34.27156066894531,21300.87890625,115.4948648110865,3.605769230769231
7,disgust,1,2,2,7,M,dataset/Audios/Actor_07/03-01-07-01-02-02-07.wav,Severe_Stress,-34.940208435058594,17436.1328125,133.80929076365396,3.409090909090909
7,disgust,2,1,1,7,M,dataset/Audios/Actor_07/03-01-07-02-01-01-07.wav,Severe_Stress,-28.794178009033203,11027.8369140625,184.9127823656466,2.604166666666667
7,disgust,2,1,2,7,M,dataset/Audios/Actor_07/03-01-07-02-01-02-07.wav,Severe_Stress,-27.26276206970215,14964.6533203125,132.29222004968955,2.34375
7,disgust,2,2,1,7,M,dataset/Audios/Actor_07/03-01-07-02-02-01-07.wav,Severe_Stress,-31.036962509155273,15723.01953125,203.99186545315516,2.568493150684932
7,disgust,2,2,2,7,M,dataset/Audios/Actor_07/03-01-07-02-02-02-07.wav,Severe_Stress,-32.9521484375,15808.6767578125,143.0002471207942,2.0380434782608696
8,surprised,1,1,1,7,M,dataset/Audios/Actor_07/03-01-08-01-01-01-07.wav,Mild_Stress,-32.65376663208008,15013.9072265625,143.85743288199075,3.537735849056604
8,surprised,1,1,2,7,M,dataset/Audios/Actor_07/03-01-08-01-01-02-07.wav,Mild_Stress,-30.237194061279297,13901.337890625,152.82122781686914,3.409090909090909
8,surprised,1,2,1,7,M,dataset/Audios/Actor_07/03-01-08-01-02-01-07.wav,Mild_Stress,-31.044334411621097,15166.740234375,133.80929076365396,3.605769230769231
8,surprised,1,2,2,7,M,dataset/Audios/Actor_07/03-01-08-01-02-02-07.wav,Mild_Stress,-31.07840156555176,14412.169921875,144.24403136881983,3.6764705882352944
8,surprised,2,1,1,7,M,dataset/Audios/Actor_07/03-01-08-02-01-01-07.wav,Mild_Stress,-28.286489486694336,9076.3056640625,241.19137040474044,2.9761904761904763
8,surprised,2,1,2,7,M,dataset/Audios/Actor_07/03-01-08-02-01-02-07.wav,Mild_Stress,-30.89690589904785,12505.060546875,190.8679980027993,3.289473684210526
8,surprised,2,2,1,7,M,dataset/Audios/Actor_07/03-01-08-02-02-01-07.wav,Mild_Stress,-30.146181106567383,7992.09619140625,283.5509306768582,3.826530612244898
8,surprised,2,2,2,7,M,dataset/Audios/Actor_07/03-01-08-02-02-02-07.wav,Mild_Stress,-30.440845489501953,11182.6875,193.6580702059513,3.605769230769231
1,neutral,1,1,1,8,F,dataset/Audios/Actor_08/03-01-01-01-01-01-08.wav,Healthy,-38.335201263427734,18669.1953125,194.78316939882308,3.75
1,neutral,1,1,2,8,F,dataset/Audios/Actor_08/03-01-01-01-01-02-08.wav,Healthy,-38.46329879760742,19550.072265625,191.98819967516084,3.409090909090909
1,neutral,1,2,1,8,F,dataset/Audios/Actor_08/03-01-01-01-02-01-08.wav,Healthy,-39.552188873291016,18724.052734375,208.75994928447787,3.605769230769231
1,neutral,1,2,2,8,F,dataset/Audios/Actor_08/03-01-01-01-02-02-08.wav,Healthy,-37.45840072631836,17960.751953125,189.23491376948436,3.826530612244898
2,calm,1,1,1,8,F,dataset/Audios/Actor_08/03-01-02-01-01-01-08.wav,Healthy,-40.018917083740234,21856.833984375,194.7799199939686,3.409090909090909
2,calm,1,1,2,8,F,dataset/Audios/Actor_08/03-01-02-01-01-02-08.wav,Healthy,-41.131195068359375,22732.88671875,206.36213675586595,3.605769230769231
2,calm,1,2,1,8,F,dataset/Audios/Actor_08/03-01-02-01-02-01-08.wav,Healthy,-38.20252227783203,20210.310546875,194.7799199939686,3.75
2,calm,1,2,2,8,F,dataset/Audios/Actor_08/03-01-02-01-02-02-08.wav,Healthy,-41.324581146240234,22889.05859375,208.75994928447787,3.537735849056604
2,calm,2,1,1,8,F,dataset/Audios/Actor_08/03-01-02-02-01-01-08.wav,Healthy,-40.32112503051758,22409.453125,193.6580702059513,3.289473684210526
2,calm,2,1,2,8,F,dataset/Audios/Actor_08/03-01-02-02-01-02-08.wav,Healthy,-42.12638092041016,24726.861328125,197.04315364635175,2.9296875
2,calm,2,2,1,8,F,dataset/Audios/Actor_08/03-01-02-02-02-01-08.wav,Healthy,-41.20022201538086,23698.576171875,199.33268480704808,3.1779661016949152
2,calm,2,2,2,8,F,dataset/Audios/Actor_08/03-01-02-02-02-02-08.wav,Healthy,-42.091922760009766,23035.267578125,198.18461302324903,3.024193548387097
3,happy,1,1,1,8,F,dataset/Audios/Actor_08/03-01-03-01-01-01-08.wav,Healthy,-36.29255294799805,15302.3935546875,217.38833958213584,3.6764705882352944
3,happy,1,1,2,8,F,dataset/Audios/Actor_08/03-01-03-01-01-02-08.wav,Healthy,-36.56357955932617,14909.3984375,201.6488190383855,3.75
3,happy,1,2,1,8,F,dataset/Audios/Actor_08/03-01-03-01-02-01-08.wav,Healthy,-37.409629821777344,15631.95703125,206.36213675586595,3.826530612244898
3,happy,1,2,2,8,F,dataset/Audios/Actor_08/03-01-03-01-02-02-08.wav,Healthy,-37.6707878112793,13817.865234375,225.0395058615972,3.90625
3,happy,2,1,1,8,F,dataset/Audios/Actor_08/03-01-03-02-01-01-08.wav,Healthy,-34.56866455078125,10707.259765625,259.3377583095495,3.289473684210526
3,happy,2,1,2,8,F,dataset/Audios/Actor_08/03-01-03-02-01-02-08.wav,Healthy,-32.04737091064453,10944.1474609375,246.11813637218768,3.125
3,happy,2,2,1,8,F,dataset/Audios/Actor_08/03-01-03-02-02-01-08.wav,Healthy,-36.64411926269531,10065.96875,270.72815965904965,3.125
3,happy,2,2,2,8,F,dataset/Audios/Actor_08/03-01-03-02-02-02-08.wav,Healthy,-40.420928955078125,15311.0146484375,264.5844400993791,2.373417721518987
4,sad,1,1,1,8,F,dataset/Audios/Actor_08/03-01-04-01-01-01-08.wav,Mild_Stress,-43.40550231933594,26709.1640625,219.8995964441766,2.7573529411764706
4,sad,1,1,2,8,F,dataset/Audios/Actor_08/03-01-04-01-01-02-08.wav,Mild_Stress,-41.40386199951172,24498.083984375,195.34409429283173,3.232758620689655
4,sad,1,2,1,8,F,dataset/Audios/Actor_08/03-01-04-01-02-01-08.wav,Mild_Stress,-41.44706344604492,22890.568359375,216.1218529971248,3.826530612244898
4,sad,1,2,2,8,F,dataset/Audios/Actor_08/03-01-04-01-02-02-08.wav,Mild_Stress,-44.15784454345703,31239.28125,209.97278616854953,2.604166666666667
4,sad,2,1,1,8,F,dataset/Audios/Actor_08/03-01-04-02-01-01-08.wav,Mild_Stress,-40.89146041870117,18602.4296875,262.2636095780709,3.826530612244898
4,sad,2,1,2,8,F,dataset/Audios/Actor_08/03-01-04-02-01-02-08.wav,Mild_Stress,-43.487693786621094,25846.08984375,286.82649376257405,2.0833333333333335
4,sad,2,2,1,8,F,dataset/Audios/Actor_08/03-01-04-02-02-01-08.wav,Mild_Stress,-40.989967346191406,17876.93359375,269.16888019875813,3.75
4,sad,2,2,2,8,F,dataset/Audios/Actor_08/03-01-04-02-02-02-08.wav,Mild_Stress,-42.34136962890625,26884.6484375,273.87386934825736,2.1867881548974943
5,angry,1,1,1,8,F,dataset/Audios/Actor_08/03-01-05-01-01-01-08.wav,Moderate_Stress,-30.24085235595703,11093.90625,235.68255189130872,3.6764705882352944
5,angry,1,1,2,8,F,dataset/Audios/Actor_08/03-01-05-01-01-02-08.wav,Moderate_Stress,-35.0672607421875,18781.6171875,206.95985860429747,2.2865853658536586
5,angry,1,2,1,8,F,dataset/Audios/Actor_08/03-01-05-01-02-01-08.wav,Moderate_Stress,-31.964820861816406,11879.607421875,209.9692833680109,4.166666666666667
5,angry,1,2,2,8,F,dataset/Audios/Actor_08/03-01-05-01-02-02-08.wav,Moderate_Stress,-32.83324432373047,11627.0185546875,223.74337368352585,3.90625
5,angry,2,1,1,8,F,dataset/Audios/Actor_08/03-01-05-02-01-01-08.wav,Moderate_Stress,-32.001556396484375,12338.642578125,307.41302436705854,2.259036144578313
5,angry,2,1,2,8,F,dataset/Audios/Actor_08/03-01-05-02-01-02-08.wav,Moderate_Stress,-23.267616271972656,3948.8232421875,307.41302436705854,3.537735849056604
5,angry,2,2,1,8,F,dataset/Audios/Actor_08/03-01-05-02-02-01-08.wav,Moderate_Stress,-30.07142448425293,7166.60009765625,291.8401325604369,3.826530612244898
5,angry,2,2,2,8,F,dataset/Audios/Actor_08/03-01-05-02-02-02-08.wav,Moderate_Stress,-28.78082275390625,7329.52880859375,310.9901796410289,3.6764705882352944
6,fearful,1,1,1,8,F,dataset/Audios/Actor_08/03-01-06-01-01-01-08.wav,Moderate_Stress,-36.242191314697266,12855.2587890625,296.98599258473763,2.798507462686567
6,fearful,1,1,2,8,F,dataset/Audios/Actor_08/03-01-06-01-01-02-08.wav,Moderate_Stress,-33.52791976928711,17137.60546875,267.61858152730787,2.5
6,fearful,1,2,1,8,F,dataset/Audios/Actor_08/03-01-06-01-02-01-08.wav,Moderate_Stress,-32.3045539855957,9848.671875,267.61858152730787,3.537735849056604
6,fearful,1,2,2,8,F,dataset/Audios/Actor_08/03-01-06-01-02-02-08.wav,Moderate_Stress,-34.89610290527344,11140.095703125,278.66110025943624,3.605769230769231
6,fearful,2,1,1,8,F,dataset/Audios/Actor_08/03-01-06-02-01-01-08.wav,Moderate_Stress,-28.32962989807129,5949.66796875,365.57775582181085,3.75
6,fearful,2,1,2,8,F,dataset/Audios/Actor_08/03-01-06-02-01-02-08.wav,Moderate_Stress,-29.505279541015625,5900.1962890625,351.1847027962872,3.826530612244898
6,fearful,2,2,1,8,F,dataset/Audios/Actor_08/03-01-06-02-02-01-08.wav,Moderate_Stress,-31.777774810791016,7008.462890625,363.47218288654506,3.605769230769231
6,fearful,2,2,2,8,F,dataset/Audios/Actor_08/03-01-06-02-02-02-08.wav,Moderate_Stress,-34.67900085449219,13795.33984375,368.772849127489,2.037135278514589
7,disgust,1,1,1,8,F,dataset/Audios/Actor_08/03-01-07-01-01-01-08.wav,Severe_Stress,-38.349830627441406,21374.751953125,197.6138833348004,3.024193548387097
7,disgust,1,1,2,8,F,dataset/Audios/Actor_08/03-01-07-01-01-02-08.wav,Severe_Stress,-42.41008758544922,26942.376953125,206.41722104550337,2.533783783783784
7,disgust,1,2,1,8,F,dataset/Audios/Actor_08/03-01-07-01-02-01-08.wav,Severe_Stress,-39.48505783081055,20650.0859375,198.18461302324903,3.0737704918032787
7,disgust,1,2,2,8,F,dataset/Audios/Actor_08/03-01-07-01-02-02-08.wav,Severe_Stress,-39.24995422363281,20131.9140625,194.7799199939686,3.3482142857142856
7,disgust,2,1,1,8,F,dataset/Audios/Actor_08/03-01-07-02-01-01-08.wav,Severe_Stress,-35.333343505859375,16221.0537109375,212.40900892134297,2.8846153846153846
7,disgust,2,1,2,8,F,dataset/Audios/Actor_08/03-01-07-02-01-02-08.wav,Severe_Stress,-41.40373992919922,24985.630859375,195.90826859169485,2.2865853658536586
7,disgust,2,2,1,8,F,dataset/Audios/Actor_08/03-01-07-02-02-01-08.wav,Severe_Stress,-38.684837341308594,17783.12109375,205.1735783080468,3.4722222222222223
7,disgust,2,2,2,8,F,dataset/Audios/Actor_08/03-01-07-02-02-02-08.wav,Severe_Stress,-38.2029914855957,17269.240234375,206.36213675586595,3.1779661016949152
8,surprised,1,1,1,8,F,dataset/Audios/Actor_08/03-01-08-01-01-01-08.wav,Mild_Stress,-35.043853759765625,14942.8515625,259.25125509628117,3.605769230769231
8,surprised,1,1,2,8,F,dataset/Audios/Actor_08/03-01-08-01-01-02-08.wav,Mild_Stress,-37.32967758178711,15122.8525390625,254.06159179290393,3.289473684210526
8,surprised,1,2,1,8,F,dataset/Audios/Actor_08/03-01-08-01-02-01-08.wav,Mild_Stress,-35.12627029418945,12671.63671875,259.2599049846974,3.605769230769231
8,surprised,1,2,2,8,F,dataset/Audios/Actor_08/03-01-08-01-02-02-08.wav,Mild_Stress,-36.82767868041992,15428.6982421875,238.4250286787403,3.6764705882352944
8,surprised,2,1,1,8,F,dataset/Audios/Actor_08/03-01-08-02-01-01-08.wav,Mild_Stress,-38.42873764038086,18702.5859375,295.23115155842805,2.0853698273053114
8,surprised,2,1,2,8,F,dataset/Audios/Actor_08/03-01-08-02-01-02-08.wav,Mild_Stress,-31.418926239013672,10400.7197265625,280.28004326890255,3.75
8,surprised,2,2,1,8,F,dataset/Audios/Actor_08/03-01-08-02-02-01-08.wav,Mild_Stress,-35.42711639404297,10461.71875,277.06075239642655,3.6764705882352944
8,surprised,2,2,2,8,F,dataset/Audios/Actor_08/03-01-08-02-02-02-08.wav,Mild_Stress,-35.87163162231445,11256.771484375,250.42020561686047,3.409090909090909
1,neutral,1,1,1,9,M,dataset/Audios/Actor_09/03-01-01-01-01-01-09.wav,Healthy,-35.37149429321289,37532.01953125,82.84644077575204,2.4671052631578947
1,neutral,1,1,2,9,M,dataset/Audios/Actor_09/03-01-01-01-01-02-09.wav,Healthy,-35.738365173339844,27738.2265625,91.39443895545271,4.076086956521739
1,neutral,1,2,1,9,M,dataset/Audios/Actor_09/03-01-01-01-02-01-09.wav,Healthy,-36.67365264892578,25980.90234375,95.71685877653417,3.98936170212766
1,neutral,1,2,2,9,M,dataset/Audios/Actor_09/03-01-01-01-02-02-09.wav,Healthy,-34.50794219970703,25763.49609375,88.02991468487642,4.166666666666667
2,calm,1,1,1,9,M,dataset/Audios/Actor_09/03-01-02-01-01-01-09.wav,Healthy,-34.68320083618164,26666.45703125,96.82903510297564,3.98936170212766
2,calm,1,1,2,9,M,dataset/Audios/Actor_09/03-01-02-01-01-02-09.wav,Healthy,-34.388214111328125,24584.4296875,96.82903510297564,3.75
2,calm,1,2,1,9,M,dataset/Audios/Actor_09/03-01-02-01-02-01-09.wav,Healthy,-36.04130554199219,26244.40625,85.27402678843417,2.4038461538461537
2,calm,1,2,2,9,M,dataset/Audios/Actor_09/03-01-02-01-02-02-09.wav,Healthy,-35.27684020996094,26738.7265625,92.9935369417633,3.3482142857142856
2,calm,2,1,1,9,M,dataset/Audios/Actor_09/03-01-02-02-01-01-09.wav,Healthy,-41.480987548828125,39756.859375,81.42318851056831,2.4909831599159293
2,calm,2,1,2,9,M,dataset/Audios/Actor_09/03-01-02-02-01-02-09.wav,Healthy,-38.37476348876953,35285.984375,82.36928038865905,2.840909090909091
2,calm,2,2,1,9,M,dataset/Audios/Actor_09/03-01-02-02-02-01-09.wav,Healthy,-38.054439544677734,30963.609375,82.36928038865905,2.1098437396980287
2,calm,2,2,2,9,M,dataset/Audios/Actor_09/03-01-02-02-02-02-09.wav,Healthy,-37.638057708740234,31236.845703125,90.60636500569407,2.6785714285714284
3,happy,1,1,1,9,M,dataset/Audios/Actor_09/03-01-03-01-01-01-09.wav,Healthy,-37.3225212097168,28941.826171875,96.27134089862668,2.568493150684932
3,happy,1,1,2,9,M,dataset/Audios/Actor_09/03-01-03-01-01-02-09.wav,Healthy,-31.332860946655273,18127.759765625,122.70366064862014,3.537735849056604
3,happy,1,2,1,9,M,dataset/Audios/Actor_09/03-01-03-01-02-01-09.wav,Healthy,-32.2935676574707,20028.28125,109.9497982220883,3.98936170212766
3,happy,1,2,2,9,M,dataset/Audios/Actor_09/03-01-03-01-02-02-09.wav,Healthy,-32.61383819580078,16653.681640625,119.21052561660726,3.75
3,happy,2,1,1,9,M,dataset/Audios/Actor_09/03-01-03-02-01-01-09.wav,Healthy,-31.11119270324707,8941.16796875,242.58857779956992,3.0737704918032787
3,happy,2,1,2,9,M,dataset/Audios/Actor_09/03-01-03-02-01-02-09.wav,Healthy,-35.678138732910156,14331.55078125,250.42020561686047,1.875
3,happy,2,2,1,9,M,dataset/Audios/Actor_09/03-01-03-02-02-01-09.wav,Healthy,-26.055219650268555,5989.3955078125,241.8899741021552,3.605769230769231
3,happy,2,2,2,9,M,dataset/Audios/Actor_09/03-01-03-02-02-02-09.wav,Healthy,-29.23580741882324,9674.5625,213.02424535682425,3.605769230769231
4,sad,1,1,1,9,M,dataset/Audios/Actor_09/03-01-04-01-01-01-09.wav,Mild_Stress,-46.597843170166016,42632.0,80.29634434434163,2.7573529411764706
4,sad,1,1,2,9,M,dataset/Audios/Actor_09/03-01-04-01-01-02-09.wav,Mild_Stress,-41.75625228881836,31905.90625,87.26721268071712,4.36046511627907
4,sad,1,2,1,9,M,dataset/Audios/Actor_09/03-01-04-01-02-01-09.wav,Mild_Stress,-38.63465118408203,28365.138671875,87.26721268071712,4.076086956521739
4,sad,1,2,2,9,M,dataset/Audios/Actor_09/03-01-04-01-02-02-09.wav,Mild_Stress,-39.222774505615234,34831.89453125,86.26486325200693,3.4722222222222223
4,sad,2,1,1,9,M,dataset/Audios/Actor_09/03-01-04-02-01-01-09.wav,Mild_Stress,-40.749969482421875,28105.1796875,103.18106837793296,2.259036144578313
4,sad,2,1,2,9,M,dataset/Audios/Actor_09/03-01-04-02-01-02-09.wav,Mild_Stress,-42.6282958984375,27754.7109375,225.0395058615972,2.205882352941176
4,sad,2,2,1,9,M,dataset/Audios/Actor_09/03-01-04-02-02-01-09.wav,Mild_Stress,-42.48487854003906,26892.94921875,160.97861232074305,2.6408450704225355
4,sad,2,2,2,9,M,dataset/Audios/Actor_09/03-01-04-02-02-02-09.wav,Mild_Stress,-38.04669189453125,24784.923828125,182.78887791090543,2.6408450704225355
5,angry,1,1,1,9,M,dataset/Audios/Actor_09/03-01-05-01-01-01-09.wav,Moderate_Stress,-32.336769104003906,22485.013671875,95.16557023646564,3.232758620689655
5,angry,1,1,2,9,M,dataset/Audios/Actor_09/03-01-05-01-01-02-09.wav,Moderate_Stress,-30.27677345275879,18724.265625,103.18106837793296,3.4722222222222223
5,angry,1,2,1,9,M,dataset/Audios/Actor_09/03-01-05-01-02-01-09.wav,Moderate_Stress,-28.978227615356445,13231.0341796875,131.89144360629956,3.232758620689655
5,angry,1,2,2,9,M,dataset/Audios/Actor_09/03-01-05-01-02-02-09.wav,Moderate_Stress,-30.042430877685547,14617.9716796875,126.66497412321036,3.537735849056604
5,angry,2,1,1,9,M,dataset/Audios/Actor_09/03-01-05-02-01-01-09.wav,Moderate_Stress,-14.776344299316406,3227.069091796875,347.05836208420885,3.0737704918032787
5,angry,2,1,2,9,M,dataset/Audios/Actor_09/03-01-05-02-01-02-09.wav,Moderate_Stress,-15.78573989868164,3604.544921875,349.06885072286843,3.1779661016949152
5,angry,2,2,1,9,M,dataset/Audios/Actor_09/03-01-05-02-02-01-09.wav,Moderate_Stress,-17.97464942932129,3896.013671875,339.1541684976215,2.435064935064935
5,angry,2,2,2,9,M,dataset/Audios/Actor_09/03-01-05-02-02-02-09.wav,Moderate_Stress,-16.661867141723633,3385.325927734375,351.09098600372937,2.8846153846153846
6,fearful,1,1,1,9,M,dataset/Audios/Actor_09/03-01-06-01-01-01-09.wav,Moderate_Stress,-36.45291519165039,27918.080078125,82.84644077575204,4.261363636363637
6,fearful,1,1,2,9,M,dataset/Audios/Actor_09/03-01-06-01-01-02-09.wav,Moderate_Stress,-36.48760223388672,27085.501953125,95.16557023646564,4.166666666666667
6,fearful,1,2,1,9,M,dataset/Audios/Actor_09/03-01-06-01-02-01-09.wav,Moderate_Stress,-45.06813430786133,41573.7421875,89.30847694347057,2.568493150684932
6,fearful,1,2,2,9,M,dataset/Audios/Actor_09/03-01-06-01-02-02-09.wav,Moderate_Stress,-37.27167510986328,27645.140625,92.9935369417633,4.464285714285714
6,fearful,2,1,1,9,M,dataset/Audios/Actor_09/03-01-06-02-01-01-09.wav,Moderate_Stress,-36.433074951171875,22831.154296875,156.39586371218525,2.373417721518987
6,fearful,2,1,2,9,M,dataset/Audios/Actor_09/03-01-06-02-01-02-09.wav,Moderate_Stress,-32.09556198120117,19335.447265625,128.5068226458765,4.166666666666667
6,fearful,2,2,1,9,M,dataset/Audios/Actor_09/03-01-06-02-02-01-09.wav,Moderate_Stress,-28.058176040649418,11018.755859375,180.68936857950385,4.36046511627907
6,fearful,2,2,2,9,M,dataset/Audios/Actor_09/03-01-06-02-02-02-09.wav,Moderate_Stress,-28.892065048217773,10544.4541015625,177.5852333780714,4.36046511627907
7,disgust,1,1,1,9,M,dataset/Audios/Actor_09/03-01-07-01-01-01-09.wav,Severe_Stress,-39.758155822753906,26762.7265625,75.75174215437028,3.0737704918032787
7,disgust,1,1,2,9,M,dataset/Audios/Actor_09/03-01-07-01-01-02-09.wav,Severe_Stress,-38.15391540527344,25254.625,91.92388155425118,3.605769230769231
7,disgust,1,2,1,9,M,dataset/Audios/Actor_09/03-01-07-01-02-01-09.wav,Severe_Stress,-36.79595947265625,26197.6953125,85.76944502022056,3.6764705882352944
7,disgust,1,2,2,9,M,dataset/Audios/Actor_09/03-01-07-01-02-02-09.wav,Severe_Stress,-38.494537353515625,26114.84765625,94.61745688474215,2.9761904761904763
7,disgust,2,1,1,9,M,dataset/Audios/Actor_09/03-01-07-02-01-01-09.wav,Severe_Stress,-36.404876708984375,22218.138671875,96.27134089862668,3.232758620689655
7,disgust,2,1,2,9,M,dataset/Audios/Actor_09/03-01-07-02-01-02-09.wav,Severe_Stress,-37.12540817260742,23625.94140625,116.48775344855382,2.604166666666667
7,disgust,2,2,1,9,M,dataset/Audios/Actor_09/03-01-07-02-02-01-09.wav,Severe_Stress,-38.679901123046875,24014.431640625,95.16557023646564,2.604166666666667
7,disgust,2,2,2,9,M,dataset/Audios/Actor_09/03-01-07-02-02-02-09.wav,Severe_Stress,-39.50397872924805,25666.8046875,104.98464168400548,2.232142857142857
8,surprised,1,1,1,9,M,dataset/Audios/Actor_09/03-01-08-01-01-01-09.wav,Mild_Stress,-40.49490737915039,38117.6875,89.83033120533598,3.0737704918032787
8,surprised,1,1,2,9,M,dataset/Audios/Actor_09/03-01-08-01-01-02-09.wav,Mild_Stress,-34.72966766357422,26217.146484375,103.18106837793296,3.98936170212766
8,surprised,1,2,1,9,M,dataset/Audios/Actor_09/03-01-08-01-02-01-09.wav,Mild_Stress,-38.19794845581055,34439.5625,65.0,2.568493150684932
8,surprised,1,2,2,9,M,dataset/Audios/Actor_09/03-01-08-01-02-02-09.wav,Mild_Stress,-34.863651275634766,23242.02734375,97.3899599969843,3.826530612244898
8,surprised,2,1,1,9,M,dataset/Audios/Actor_09/03-01-08-02-01-01-09.wav,Mild_Stress,-31.914974212646484,16913.138671875,225.0395058615972,4.166666666666667
8,surprised,2,1,2,9,M,dataset/Audios/Actor_09/03-01-08-02-01-02-09.wav,Mild_Stress,-38.49409103393555,32747.04296875,106.81974089615274,2.568493150684932
8,surprised,2,2,1,9,M,dataset/Audios/Actor_09/03-01-08-02-02-01-09.wav,Mild_Stress,-34.51328659057617,21730.1640625,211.1856230526212,3.98936170212766
8,surprised,2,2,2,9,M,dataset/Audios/Actor_09/03-01-08-02-02-02-09.wav,Mild_Stress,-33.55027770996094,21261.275390625,107.74973392930497,3.75
1,neutral,1,1,1,10,F,dataset/Audios/Actor_10/03-01-01-01-01-01-10.wav,Healthy,-34.946475982666016,11376.78515625,230.29955496661373,3.605769230769231
1,neutral,1,1,2,10,F,dataset/Audios/Actor_10/03-01-01-01-01-02-10.wav,Healthy,-34.42008590698242,11822.2236328125,199.33268480704808,3.0737704918032787
1,neutral,1,2,1,10,F,dataset/Audios/Actor_10/03-01-01-01-02-01-10.wav,Healthy,-35.33306884765625,11576.9365234375,239.8022103323442,3.289473684210526
1,neutral,1,2,2,10,F,dataset/Audios/Actor_10/03-01-01-01-02-02-10.wav,Healthy,-34.11491012573242,13250.4970703125,211.1856230526212,3.537735849056604
2,calm,1,1,1,10,F,dataset/Audios/Actor_10/03-01-02-01-01-01-10.wav,Healthy,-34.333614349365234,12653.7890625,226.9987427112612,3.125
2,calm,1,1,2,10,F,dataset/Audios/Actor_10/03-01-02-01-01-02-10.wav,Healthy,-32.54404830932617,12095.2314453125,192.54268179725335,3.605769230769231
2,calm,1,2,1,10,F,dataset/Audios/Actor_10/03-01-02-01-02-01-10.wav,Healthy,-36.01396179199219,12085.7626953125,232.97550689710764,3.409090909090909
2,calm,1,2,2,10,F,dataset/Audios/Actor_10/03-01-02-01-02-02-10.wav,Healthy,-34.62141418457031,10807.3876953125,228.9731271349986,3.3482142857142856
2,calm,2,1,1,10,F,dataset/Audios/Actor_10/03-01-02-02-01-01-10.wav,Healthy,-35.73119354248047,12798.783203125,226.34314645699223,3.232758620689655
2,calm,2,1,2,10,F,dataset/Audios/Actor_10/03-01-02-02-01-02-10.wav,Healthy,-36.22016906738281,13171.896484375,235.68255189130872,3.125
2,calm,2,2,1,10,F,dataset/Audios/Actor_10/03-01-02-02-02-01-10.wav,Healthy,-36.00808334350586,13466.2109375,235.68255189130872,3.0737704918032787
2,calm,2,2,2,10,F,dataset/Audios/Actor_10/03-01-02-02-02-02-10.wav,Healthy,-36.00343704223633,14841.6455078125,207.55758045272896,3.024193548387097
3,happy,1,1,1,10,F,dataset/Audios/Actor_10/03-01-03-01-01-01-10.wav,Healthy,-31.970781326293945,8301.67578125,235.68255189130872,3.826530612244898
3,happy,1,1,2,10,F,dataset/Audios/Actor_10/03-01-03-01-01-02-10.wav,Healthy,-32.59302520751953,8572.9033203125,303.8820846259238,3.75
3,happy,1,2,1,10,F,dataset/Audios/Actor_10/03-01-03-01-02-01-10.wav,Healthy,-37.3928108215332,8253.5478515625,318.2592305120159,4.464285714285714
3,happy,1,2,2,10,F,dataset/Audios/Actor_10/03-01-03-01-02-02-10.wav,Healthy,-33.806243896484375,7890.77490234375,286.82649376257405,4.166666666666667
3,happy,2,1,1,10,F,dataset/Audios/Actor_10/03-01-03-02-01-01-10.wav,Healthy,-32.60895919799805,3939.3984375,371.96794243316714,3.125
3,happy,2,1,2,10,F,dataset/Audios/Actor_10/03-01-03-02-01-02-10.wav,Healthy,-30.453683853149418,3943.7744140625,228.9731271349986,3.90625
3,happy,2,2,1,10,F,dataset/Audios/Actor_10/03-01-03-02-02-01-10.wav,Healthy,-28.21390914916992,3293.436767578125,239.8022103323442,3.4722222222222223
3,happy,2,2,2,10,F,dataset/Audios/Actor_10/03-01-03-02-02-02-10.wav,Healthy,-30.145002365112305,3953.958251953125,356.1992075476231,2.9296875
4,sad,1,1,1,10,F,dataset/Audios/Actor_10/03-01-04-01-01-01-10.wav,Mild_Stress,-36.553470611572266,15652.2802734375,202.2328889009313,3.98936170212766
4,sad,1,1,2,10,F,dataset/Audios/Actor_10/03-01-04-01-01-02-10.wav,Mild_Stress,-35.05293273925781,14511.955078125,188.14813958544548,3.75
4,sad,1,2,1,10,F,dataset/Audios/Actor_10/03-01-04-01-02-01-10.wav,Mild_Stress,-36.016395568847656,15800.0361328125,211.1856230526212,3.605769230769231
4,sad,1,2,2,10,F,dataset/Audios/Actor_10/03-01-04-01-02-02-10.wav,Mild_Stress,-36.02009963989258,16591.7265625,189.78302712120785,3.0737704918032787
4,sad,2,1,1,10,F,dataset/Audios/Actor_10/03-01-04-02-01-01-10.wav,Mild_Stress,-32.00690460205078,11150.34765625,237.0478470251364,3.0737704918032787
4,sad,2,1,2,10,F,dataset/Audios/Actor_10/03-01-04-02-01-02-10.wav,Mild_Stress,-34.175392150878906,12920.7060546875,230.3033969257434,3.4722222222222223
4,sad,2,2,1,10,F,dataset/Audios/Actor_10/03-01-04-02-02-01-10.wav,Mild_Stress,-33.80752182006836,14597.6826171875,194.21899509995995,3.409090909090909
4,sad,2,2,2,10,F,dataset/Audios/Actor_10/03-01-04-02-02-02-10.wav,Mild_Stress,-35.58768081665039,14555.8388671875,197.04315364635175,3.6764705882352944
5,angry,1,1,1,10,F,dataset/Audios/Actor_10/03-01-05-01-01-01-10.wav,Moderate_Stress,-31.980337142944336,11460.267578125,187.60318313432788,3.0737704918032787
5,angry,1,1,2,10,F,dataset/Audios/Actor_10/03-01-05-01-01-02-10.wav,Moderate_Stress,-29.547096252441406,7702.9443359375,214.87708272009507,2.9296875
5,angry,1,2,1,10,F,dataset/Audios/Actor_10/03-01-05-01-02-01-10.wav,Moderate_Stress,-31.32849884033203,9313.814453125,201.6488190383855,2.7173913043478257
5,angry,1,2,2,10,F,dataset/Audios/Actor_10/03-01-05-01-02-02-10.wav,Moderate_Stress,-30.447935104370117,9404.8759765625,201.6488190383855,2.7173913043478257
5,angry,2,1,1,10,F,dataset/Audios/Actor_10/03-01-05-02-01-01-10.wav,Moderate_Stress,-25.161231994628903,4019.45751953125,275.4604045334168,2.7573529411764706
5,angry,2,1,2,10,F,dataset/Audios/Actor_10/03-01-05-02-01-02-10.wav,Moderate_Stress,-28.860029220581055,4114.115234375,307.41815276722286,2.435064935064935
5,angry,2,2,1,10,F,dataset/Audios/Actor_10/03-01-05-02-02-01-10.wav,Moderate_Stress,-26.854001998901367,3932.998291015625,325.6927540422733,3.232758620689655
5,angry,2,2,2,10,F,dataset/Audios/Actor_10/03-01-05-02-02-02-10.wav,Moderate_Stress,-29.209199905395508,4130.3876953125,280.2753675911423,2.7173913043478257
6,fearful,1,1,1,10,F,dataset/Audios/Actor_10/03-01-06-01-01-01-10.wav,Moderate_Stress,-32.95703125,9804.8251953125,266.0772119191614,4.076086956521739
6,fearful,1,1,2,10,F,dataset/Audios/Actor_10/03-01-06-01-01-02-10.wav,Moderate_Stress,-32.815921783447266,12457.9033203125,217.37383415501247,4.166666666666667
6,fearful,1,2,1,10,F,dataset/Audios/Actor_10/03-01-06-01-02-01-10.wav,Moderate_Stress,-38.255226135253906,12957.21875,264.5447199466984,3.605769230769231
6,fearful,1,2,2,10,F,dataset/Audios/Actor_10/03-01-06-01-02-02-10.wav,Moderate_Stress,-34.054969787597656,12828.1123046875,225.0395058615972,3.826530612244898
6,fearful,2,1,1,10,F,dataset/Audios/Actor_10/03-01-06-02-01-01-10.wav,Moderate_Stress,-31.61708641052246,5468.7451171875,310.98499165172495,3.90625
6,fearful,2,1,2,10,F,dataset/Audios/Actor_10/03-01-06-02-01-02-10.wav,Moderate_Stress,-33.95561981201172,6466.11376953125,331.3857631030082,3.537735849056604
6,fearful,2,2,1,10,F,dataset/Audios/Actor_10/03-01-06-02-02-01-10.wav,Moderate_Stress,-33.804405212402344,6522.35107421875,327.579472972667,3.1779661016949152
6,fearful,2,2,2,10,F,dataset/Audios/Actor_10/03-01-06-02-02-02-10.wav,Moderate_Stress,-37.19794464111328,10282.7607421875,286.82649376257405,3.0737704918032787
7,disgust,1,1,1,10,F,dataset/Audios/Actor_10/03-01-07-01-01-01-10.wav,Severe_Stress,-34.799766540527344,13297.43359375,188.14500086724917,3.3482142857142856
7,disgust,1,1,2,10,F,dataset/Audios/Actor_10/03-01-07-01-01-02-10.wav,Severe_Stress,-36.21400833129883,15007.451171875,197.6138833348004,2.604166666666667
7,disgust,1,2,1,10,F,dataset/Audios/Actor_10/03-01-07-01-02-01-10.wav,Severe_Stress,-33.37079620361328,14655.9970703125,173.02945377305917,3.024193548387097
7,disgust,1,2,2,10,F,dataset/Audios/Actor_10/03-01-07-01-02-02-10.wav,Severe_Stress,-33.62195587158203,11733.2685546875,230.989729622173,2.533783783783784
7,disgust,2,1,1,10,F,dataset/Audios/Actor_10/03-01-07-02-01-01-10.wav,Severe_Stress,-32.548343658447266,8169.3203125,255.5333556217653,2.205882352941176
7,disgust,2,1,2,10,F,dataset/Audios/Actor_10/03-01-07-02-01-02-10.wav,Severe_Stress,-33.09809875488281,7413.0810546875,252.59830469993753,2.259036144578313
7,disgust,2,2,1,10,F,dataset/Audios/Actor_10/03-01-07-02-02-01-10.wav,Severe_Stress,-34.576332092285156,8445.0419921875,266.8478967232346,2.604166666666667
7,disgust,2,2,2,10,F,dataset/Audios/Actor_10/03-01-07-02-02-02-10.wav,Severe_Stress,-35.31569290161133,7776.74658203125,280.2753675911423,2.0604395604395607
8,surprised,1,1,1,10,F,dataset/Audios/Actor_10/03-01-08-01-01-01-10.wav,Mild_Stress,-31.42200469970703,9183.7509765625,239.8022103323442,4.573170731707317
8,surprised,1,1,2,10,F,dataset/Audios/Actor_10/03-01-08-01-01-02-10.wav,Mild_Stress,-30.245229721069336,10770.3828125,230.96661084155096,3.98936170212766
8,surprised,1,2,1,10,F,dataset/Audios/Actor_10/03-01-08-01-02-01-10.wav,Mild_Stress,-29.837799072265625,7128.81201171875,266.8478967232346,3.75
8,surprised,1,2,2,10,F,dataset/Audios/Actor_10/03-01-08-01-02-02-10.wav,Mild_Stress,-32.31647872924805,11137.1884765625,244.70060021586875,3.75
8,surprised,2,1,1,10,F,dataset/Audios/Actor_10/03-01-08-02-01-01-10.wav,Mild_Stress,-28.73612403869629,6489.5126953125,289.3236599107488,3.75
8,surprised,2,1,2,10,F,dataset/Audios/Actor_10/03-01-08-02-01-02-10.wav,Mild_Stress,-32.94135665893555,5821.9248046875,339.1315381390467,4.166666666666667
8,surprised,2,2,1,10,F,dataset/Audios/Actor_10/03-01-08-02-02-01-10.wav,Mild_Stress,-30.70633316040039,5743.66259765625,357.22794833910325,3.537735849056604
8,surprised,2,2,2,10,F,dataset/Audios/Actor_10/03-01-08-02-02-02-10.wav,Mild_Stress,-27.49455451965332,5344.7021484375,297.80149026001493,3.826530612244898
1,neutral,1,1,1,11,M,dataset/Audios/Actor_11/03-01-01-01-01-01-11.wav,Healthy,-31.417675018310547,22131.7109375,111.2273533387383,4.464285714285714
1,neutral,1,1,2,11,M,dataset/Audios/Actor_11/03-01-01-01-01-02-11.wav,Healthy,-31.338340759277344,19170.84375,127.03079589645196,4.464285714285714
1,neutral,1,2,1,11,M,dataset/Audios/Actor_11/03-01-01-01-02-01-11.wav,Healthy,-31.938844680786133,20391.95703125,115.81683335824412,4.261363636363637
1,neutral,1,2,2,11,M,dataset/Audios/Actor_11/03-01-01-01-02-02-11.wav,Healthy,-37.18424224853515,31659.25,109.6331661025356,2.7173913043478257
2,calm,1,1,1,11,M,dataset/Audios/Actor_11/03-01-02-01-01-01-11.wav,Healthy,-34.703678131103516,28194.939453125,97.3899599969843,3.289473684210526
2,calm,1,1,2,11,M,dataset/Audios/Actor_11/03-01-02-01-01-02-11.wav,Healthy,-39.021942138671875,35288.9296875,94.901011799665,2.259036144578313
2,calm,1,2,1,11,M,dataset/Audios/Actor_11/03-01-02-01-02-01-11.wav,Healthy,-31.20418357849121,21212.1953125,100.82440951919276,3.826530612244898
2,calm,1,2,2,11,M,dataset/Audios/Actor_11/03-01-02-01-02-02-11.wav,Healthy,-35.26563262939453,27379.232421875,99.09395961334997,2.7173913043478257
2,calm,2,1,1,11,M,dataset/Audios/Actor_11/03-01-02-02-01-01-11.wav,Healthy,-32.758304595947266,26301.0625,89.82433719790544,2.8846153846153846
2,calm,2,1,2,11,M,dataset/Audios/Actor_11/03-01-02-02-01-02-11.wav,Healthy,-41.355010986328125,35308.32421875,112.5197529307986,2.232142857142857
2,calm,2,2,1,11,M,dataset/Audios/Actor_11/03-01-02-02-02-01-11.wav,Healthy,-35.863826751708984,27409.369140625,105.5928115263106,2.6785714285714284
2,calm,2,2,2,11,M,dataset/Audios/Actor_11/03-01-02-02-02-02-11.wav,Healthy,-37.16598892211914,30382.4765625,112.849428162264,2.4038461538461537
3,happy,1,1,1,11,M,dataset/Audios/Actor_11/03-01-03-01-01-01-11.wav,Healthy,-32.22079849243164,16597.83203125,164.73856077731807,4.934210526315789
3,happy,1,1,2,11,M,dataset/Audios/Actor_11/03-01-03-01-01-02-11.wav,Healthy,-30.45001983642578,17044.587890625,133.03860595958074,4.166666666666667
3,happy,1,2,1,11,M,dataset/Audios/Actor_11/03-01-03-01-02-01-11.wav,Healthy,-31.44395637512207,15756.9541015625,128.5068226458765,4.573170731707317
3,happy,1,2,2,11,M,dataset/Audios/Actor_11/03-01-03-01-02-02-11.wav,Healthy,-29.69037437438965,15148.015625,137.4298036668253,4.36046511627907
3,happy,2,1,1,11,M,dataset/Audios/Actor_11/03-01-03-02-01-01-11.wav,Healthy,-23.179643630981445,9382.4658203125,195.91153682016017,2.798507462686567
3,happy,2,1,2,11,M,dataset/Audios/Actor_11/03-01-03-02-01-02-11.wav,Healthy,-22.203266143798828,7961.81201171875,207.55758045272896,3.409090909090909
3,happy,2,2,1,11,M,dataset/Audios/Actor_11/03-01-03-02-02-01-11.wav,Healthy,-29.603330612182617,8319.8037109375,201.6488190383855,3.0737704918032787
3,happy,2,2,2,11,M,dataset/Audios/Actor_11/03-01-03-02-02-02-11.wav,Healthy,-27.46279525756836,9217.8310546875,181.73609144327253,3.826530612244898
4,sad,1,1,1,11,M,dataset/Audios/Actor_11/03-01-04-01-01-01-11.wav,Mild_Stress,-32.28377151489258,19012.146484375,123.77607175262534,3.98936170212766
4,sad,1,1,2,11,M,dataset/Audios/Actor_11/03-01-04-01-01-02-11.wav,Mild_Stress,-32.51749801635742,25777.853515625,106.81974089615274,2.8846153846153846
4,sad,1,2,1,11,M,dataset/Audios/Actor_11/03-01-04-01-02-01-11.wav,Mild_Stress,-32.918983459472656,21461.658203125,112.5197529307986,3.4722222222222223
4,sad,1,2,2,11,M,dataset/Audios/Actor_11/03-01-04-01-02-02-11.wav,Mild_Stress,-30.96097946166992,19461.310546875,113.82716948276509,3.826530612244898
4,sad,2,1,1,11,M,dataset/Audios/Actor_11/03-01-04-02-01-01-11.wav,Mild_Stress,-29.845815658569336,13072.064453125,182.78887791090543,3.98936170212766
4,sad,2,1,2,11,M,dataset/Audios/Actor_11/03-01-04-02-01-02-11.wav,Mild_Stress,-30.348644256591797,13797.2001953125,183.850830138276,2.7573529411764706
4,sad,2,2,1,11,M,dataset/Audios/Actor_11/03-01-04-02-02-01-11.wav,Mild_Stress,-31.99089813232422,11015.0791015625,185.98397121658357,3.98936170212766
4,sad,2,2,2,11,M,dataset/Audios/Actor_11/03-01-04-02-02-02-11.wav,Mild_Stress,-33.96158218383789,14676.6337890625,194.7799199939686,2.9761904761904763
5,angry,1,1,1,11,M,dataset/Audios/Actor_11/03-01-05-01-01-01-11.wav,Moderate_Stress,-25.147008895874023,10005.83203125,173.55523563721005,3.4722222222222223
5,angry,1,1,2,11,M,dataset/Audios/Actor_11/03-01-05-01-01-02-11.wav,Moderate_Stress,-25.689598083496097,12824.9794921875,143.41324688128702,3.605769230769231
5,angry,1,2,1,11,M,dataset/Audios/Actor_11/03-01-05-01-02-01-11.wav,Moderate_Stress,-27.133358001708984,8777.7783203125,169.56576906952336,3.75
5,angry,1,2,2,11,M,dataset/Audios/Actor_11/03-01-05-01-02-02-11.wav,Moderate_Stress,-27.656137466430664,10829.955078125,163.7897364863335,3.125
5,angry,2,1,1,11,M,dataset/Audios/Actor_11/03-01-05-02-01-01-11.wav,Moderate_Stress,-19.85247039794922,5281.986328125,203.99186545315516,3.605769230769231
5,angry,2,1,2,11,M,dataset/Audios/Actor_11/03-01-05-02-01-02-11.wav,Moderate_Stress,-19.723669052124023,3361.9296875,285.17449472060275,2.9296875
5,angry,2,2,1,11,M,dataset/Audios/Actor_11/03-01-05-02-02-01-11.wav,Moderate_Stress,-16.544212341308594,3617.231689453125,230.29955496661373,2.9296875
5,angry,2,2,2,11,M,dataset/Audios/Actor_11/03-01-05-02-02-02-11.wav,Moderate_Stress,-20.17478370666504,2489.50146484375,325.6927540422733,3.232758620689655
6,fearful,1,1,1,11,M,dataset/Audios/Actor_11/03-01-06-01-01-01-11.wav,Moderate_Stress,-28.055618286132812,14625.3017578125,140.9494931391844,3.75
6,fearful,1,1,2,11,M,dataset/Audios/Actor_11/03-01-06-01-01-02-11.wav,Moderate_Stress,-27.37778091430664,13328.02734375,150.19835622706682,3.605769230769231
6,fearful,1,2,1,11,M,dataset/Audios/Actor_11/03-01-06-01-02-01-11.wav,Moderate_Stress,-28.344562530517575,12491.4775390625,163.7897364863335,4.36046511627907
6,fearful,1,2,2,11,M,dataset/Audios/Actor_11/03-01-06-01-02-02-11.wav,Moderate_Stress,-28.039175033569336,12810.96484375,150.6308884489573,4.36046511627907
6,fearful,2,1,1,11,M,dataset/Audios/Actor_11/03-01-06-02-01-01-11.wav,Moderate_Stress,-23.402118682861328,5750.03759765625,218.63306796596575,4.36046511627907
6,fearful,2,1,2,11,M,dataset/Audios/Actor_11/03-01-06-02-01-02-11.wav,Moderate_Stress,-22.058311462402344,5112.36474609375,257.013645291753,4.36046511627907
6,fearful,2,2,1,11,M,dataset/Audios/Actor_11/03-01-06-02-02-01-11.wav,Moderate_Stress,-24.85784912109375,4204.91650390625,260.75308233882095,4.8076923076923075
6,fearful,2,2,2,11,M,dataset/Audios/Actor_11/03-01-06-02-02-02-11.wav,Moderate_Stress,-23.73707389831543,6231.7236328125,269.1733705931788,3.90625
7,disgust,1,1,1,11,M,dataset/Audios/Actor_11/03-01-07-01-01-01-11.wav,Severe_Stress,-30.407535552978516,16405.845703125,145.9200662802185,3.232758620689655
7,disgust,1,1,2,11,M,dataset/Audios/Actor_11/03-01-07-01-01-02-11.wav,Severe_Stress,-27.267658233642575,14675.3369140625,156.8462431445916,3.409090909090909
7,disgust,1,2,1,11,M,dataset/Audios/Actor_11/03-01-07-01-02-01-11.wav,Severe_Stress,-29.067365646362305,15220.5166015625,136.93693467412865,3.826530612244898
7,disgust,1,2,2,11,M,dataset/Audios/Actor_11/03-01-07-01-02-02-11.wav,Severe_Stress,-30.110639572143555,16634.5078125,143.0002471207942,3.0737704918032787
7,disgust,2,1,1,11,M,dataset/Audios/Actor_11/03-01-07-02-01-01-11.wav,Severe_Stress,-25.10264587402344,11923.4833984375,158.21045677717683,3.0737704918032787
7,disgust,2,1,2,11,M,dataset/Audios/Actor_11/03-01-07-02-01-02-11.wav,Severe_Stress,-31.26871681213379,19996.82421875,145.07962854192905,2.1098437396980287
7,disgust,2,2,1,11,M,dataset/Audios/Actor_11/03-01-07-02-02-01-11.wav,Severe_Stress,-29.773611068725582,14293.1689453125,145.07962854192905,2.8846153846153846
7,disgust,2,2,2,11,M,dataset/Audios/Actor_11/03-01-07-02-02-02-11.wav,Severe_Stress,-27.97429084777832,12583.9326171875,148.4707041104003,2.9761904761904763
8,surprised,1,1,1,11,M,dataset/Audios/Actor_11/03-01-08-01-01-01-11.wav,Mild_Stress,-33.660003662109375,15868.8623046875,237.0478470251364,4.934210526315789
8,surprised,1,1,2,11,M,dataset/Audios/Actor_11/03-01-08-01-01-02-11.wav,Mild_Stress,-34.073978424072266,13504.78515625,280.2753675911423,4.8076923076923075
8,surprised,1,2,1,11,M,dataset/Audios/Actor_11/03-01-08-01-02-01-11.wav,Mild_Stress,-27.55599594116211,9911.8095703125,214.87708272009507,4.6875
8,surprised,1,2,2,11,M,dataset/Audios/Actor_11/03-01-08-01-02-02-11.wav,Mild_Stress,-30.95170783996582,11136.4736328125,252.59830469993753,5.208333333333334
8,surprised,2,1,1,11,M,dataset/Audios/Actor_11/03-01-08-02-01-01-11.wav,Mild_Stress,-32.0665397644043,10654.3759765625,257.013645291753,5.0675675675675675
8,surprised,2,1,2,11,M,dataset/Audios/Actor_11/03-01-08-02-01-02-11.wav,Mild_Stress,-27.881757736206055,8547.400390625,277.05613042340593,3.98936170212766
8,surprised,2,2,1,11,M,dataset/Audios/Actor_11/03-01-08-02-02-01-11.wav,Mild_Stress,-29.6441593170166,7656.54638671875,260.7617823355311,5.0675675675675675
8,surprised,2,2,2,11,M,dataset/Audios/Actor_11/03-01-08-02-02-02-11.wav,Mild_Stress,-28.86195373535156,7842.65673828125,275.4604045334168,5.0675675675675675
1,neutral,1,1,1,12,F,dataset/Audios/Actor_12/03-01-01-01-01-01-12.wav,Healthy,-41.96744537353515,19519.271484375,198.18461302324903,3.409090909090909
1,neutral,1,1,2,12,F,dataset/Audios/Actor_12/03-01-01-01-01-02-12.wav,Healthy,-38.60847473144531,18722.83984375,197.04315364635175,3.605769230769231
1,neutral,1,2,1,12,F,dataset/Audios/Actor_12/03-01-01-01-02-01-12.wav,Healthy,-40.91603088378906,17270.982421875,199.33268480704808,3.4722222222222223
1,neutral,1,2,2,12,F,dataset/Audios/Actor_12/03-01-01-01-02-02-12.wav,Healthy,-41.57139587402344,17885.033203125,190.8824290129998,3.3482142857142856
2,calm,1,1,1,12,F,dataset/Audios/Actor_12/03-01-02-01-01-01-12.wav,Healthy,-38.235836029052734,17668.373046875,205.7678575319564,3.024193548387097
2,calm,1,1,2,12,F,dataset/Audios/Actor_12/03-01-02-01-01-02-12.wav,Healthy,-38.969825744628906,19072.775390625,200.48740730303228,3.1779661016949152
2,calm,1,2,1,12,F,dataset/Audios/Actor_12/03-01-02-01-02-01-12.wav,Healthy,-43.50932312011719,18243.984375,212.40900892134297,3.1779661016949152
2,calm,1,2,2,12,F,dataset/Audios/Actor_12/03-01-02-01-02-02-12.wav,Healthy,-42.979373931884766,18512.1328125,196.4757111190233,3.3482142857142856
2,calm,2,1,1,12,F,dataset/Audios/Actor_12/03-01-02-02-01-01-12.wav,Healthy,-42.6409797668457,20601.212890625,211.1856230526212,2.798507462686567
2,calm,2,1,2,12,F,dataset/Audios/Actor_12/03-01-02-02-01-02-12.wav,Healthy,-36.99640274047851,20597.009765625,200.48740730303228,3.125
2,calm,2,2,1,12,F,dataset/Audios/Actor_12/03-01-02-02-02-01-12.wav,Healthy,-44.50521469116211,19169.376953125,225.0395058615972,3.1779661016949152
2,calm,2,2,2,12,F,dataset/Audios/Actor_12/03-01-02-02-02-02-12.wav,Healthy,-43.28879928588867,18753.671875,218.0034510604891,3.0737704918032787
3,happy,1,1,1,12,F,dataset/Audios/Actor_12/03-01-03-01-01-01-12.wav,Healthy,-36.03886032104492,12220.81640625,218.63306796596575,3.3482142857142856
3,happy,1,1,2,12,F,dataset/Audios/Actor_12/03-01-03-01-01-02-12.wav,Healthy,-33.8701057434082,12195.43359375,226.34314645699223,3.289473684210526
3,happy,1,2,1,12,F,dataset/Audios/Actor_12/03-01-03-01-02-01-12.wav,Healthy,-39.49358749389648,11944.810546875,227.65433896553017,3.826530612244898
3,happy,1,2,2,12,F,dataset/Audios/Actor_12/03-01-03-01-02-02-12.wav,Healthy,-39.23674774169922,12307.974609375,218.63671529959453,3.289473684210526
3,happy,2,1,1,12,F,dataset/Audios/Actor_12/03-01-03-02-01-01-12.wav,Healthy,-27.680591583251953,6369.9033203125,314.6194564554676,3.232758620689655
3,happy,2,1,2,12,F,dataset/Audios/Actor_12/03-01-03-02-01-02-12.wav,Healthy,-26.93006134033203,6921.1796875,337.17828420926253,3.125
3,happy,2,2,1,12,F,dataset/Audios/Actor_12/03-01-03-02-02-01-12.wav,Healthy,-37.09859085083008,10150.5185546875,284.35325260678485,3.1779661016949152
3,happy,2,2,2,12,F,dataset/Audios/Actor_12/03-01-03-02-02-02-12.wav,Healthy,-36.76947021484375,7887.150390625,260.0,2.9761904761904763
4,sad,1,1,1,12,F,dataset/Audios/Actor_12/03-01-04-01-01-01-12.wav,Mild_Stress,-37.71343994140625,14243.1396484375,234.3251202788159,3.4722222222222223
4,sad,1,1,2,12,F,dataset/Audios/Actor_12/03-01-04-01-01-02-12.wav,Mild_Stress,-42.817142486572266,22806.84765625,232.97550689710764,2.325919465038523
4,sad,1,2,1,12,F,dataset/Audios/Actor_12/03-01-04-01-02-01-12.wav,Mild_Stress,-41.90614318847656,17511.2734375,223.10648385440984,3.537735849056604
4,sad,1,2,2,12,F,dataset/Audios/Actor_12/03-01-04-01-02-02-12.wav,Mild_Stress,-41.912471771240234,15218.458984375,233.65031358796176,3.537735849056604
4,sad,2,1,1,12,F,dataset/Audios/Actor_12/03-01-04-02-01-01-12.wav,Mild_Stress,-36.00608444213867,9262.552734375,341.0961071537367,3.3482142857142856
4,sad,2,1,2,12,F,dataset/Audios/Actor_12/03-01-04-02-01-02-12.wav,Mild_Stress,-36.820682525634766,7789.17626953125,321.95185369813447,3.409090909090909
4,sad,2,2,1,12,F,dataset/Audios/Actor_12/03-01-04-02-02-01-12.wav,Mild_Stress,-44.917083740234375,16962.83203125,327.579472972667,2.1584189581131823
4,sad,2,2,2,12,F,dataset/Audios/Actor_12/03-01-04-02-02-02-12.wav,Mild_Stress,-37.498104095458984,7905.4326171875,373.0453366179902,3.125
5,angry,1,1,1,12,F,dataset/Audios/Actor_12/03-01-05-01-01-01-12.wav,Moderate_Stress,-32.52451705932617,14676.3212890625,188.14813958544548,2.533783783783784
5,angry,1,1,2,12,F,dataset/Audios/Actor_12/03-01-05-01-01-02-12.wav,Moderate_Stress,-30.556446075439453,12924.609375,186.5226683089951,2.9761904761904763
5,angry,1,2,1,12,F,dataset/Audios/Actor_12/03-01-05-01-02-01-12.wav,Moderate_Stress,-39.265045166015625,15957.7568359375,195.90826859169485,3.125
5,angry,1,2,2,12,F,dataset/Audios/Actor_12/03-01-05-01-02-02-12.wav,Moderate_Stress,-38.831356048583984,13676.6240234375,183.84776310850236,3.0737704918032787
5,angry,2,1,1,12,F,dataset/Audios/Actor_12/03-01-05-02-01-01-12.wav,Moderate_Stress,-23.701133728027344,5778.08740234375,264.5447199466984,3.537735849056604
5,angry,2,1,2,12,F,dataset/Audios/Actor_12/03-01-05-02-01-02-12.wav,Moderate_Stress,-26.51886749267578,5767.1123046875,331.3857631030082,2.9296875
5,angry,2,2,1,12,F,dataset/Audios/Actor_12/03-01-05-02-02-01-12.wav,Moderate_Stress,-26.474031448364254,6737.52392578125,249.6969657132611,3.289473684210526
5,angry,2,2,2,12,F,dataset/Audios/Actor_12/03-01-05-02-02-02-12.wav,Moderate_Stress,-29.523597717285156,9979.3203125,310.98499165172495,2.435064935064935
6,fearful,1,1,1,12,F,dataset/Audios/Actor_12/03-01-06-01-01-01-12.wav,Moderate_Stress,-35.167320251464844,16737.537109375,321.95185369813447,2.4671052631578947
6,fearful,1,1,2,12,F,dataset/Audios/Actor_12/03-01-06-01-01-02-12.wav,Moderate_Stress,-31.81969451904297,10445.9853515625,316.4209135543536,3.6764705882352944
6,fearful,1,2,1,12,F,dataset/Audios/Actor_12/03-01-06-01-02-01-12.wav,Moderate_Stress,-39.76742935180664,11538.248046875,258.50251019256234,3.98936170212766
6,fearful,1,2,2,12,F,dataset/Audios/Actor_12/03-01-06-01-02-02-12.wav,Moderate_Stress,-39.00206756591797,10734.953125,320.0975474696782,3.98936170212766
6,fearful,2,1,1,12,F,dataset/Audios/Actor_12/03-01-06-02-01-01-12.wav,Moderate_Stress,-30.362810134887695,8502.4775390625,225.0395058615972,2.7573529411764706
6,fearful,2,1,2,12,F,dataset/Audios/Actor_12/03-01-06-02-01-02-12.wav,Moderate_Stress,-28.67760467529297,7744.42626953125,264.5447199466984,2.7573529411764706
6,fearful,2,2,1,12,F,dataset/Audios/Actor_12/03-01-06-02-02-01-12.wav,Moderate_Stress,-30.233497619628903,5362.25830078125,252.59830469993753,3.75
6,fearful,2,2,2,12,F,dataset/Audios/Actor_12/03-01-06-02-02-02-12.wav,Moderate_Stress,-32.82004165649414,8939.6845703125,241.19137040474044,2.604166666666667
7,disgust,1,1,1,12,F,dataset/Audios/Actor_12/03-01-07-01-01-01-12.wav,Severe_Stress,-34.738224029541016,14447.92578125,177.5852333780714,3.232758620689655
7,disgust,1,1,2,12,F,dataset/Audios/Actor_12/03-01-07-01-01-02-12.wav,Severe_Stress,-42.094200134277344,23597.890625,193.6580702059513,2.1306818181818183
7,disgust,1,2,1,12,F,dataset/Audios/Actor_12/03-01-07-01-02-01-12.wav,Severe_Stress,-40.18607711791992,15939.5166015625,171.53602840047623,3.409090909090909
7,disgust,1,2,2,12,F,dataset/Audios/Actor_12/03-01-07-01-02-02-12.wav,Severe_Stress,-38.17913055419922,15166.396484375,207.55758045272896,3.1779661016949152
7,disgust,2,1,1,12,F,dataset/Audios/Actor_12/03-01-07-02-01-01-12.wav,Severe_Stress,-36.19059753417969,13508.330078125,257.013645291753,2.533783783783784
7,disgust,2,1,2,12,F,dataset/Audios/Actor_12/03-01-07-02-01-02-12.wav,Severe_Stress,-39.24357604980469,11405.962890625,261.5061646776419,2.259036144578313
7,disgust,2,2,1,12,F,dataset/Audios/Actor_12/03-01-07-02-02-01-12.wav,Severe_Stress,-39.86650085449219,16554.107421875,223.74337368352585,1.913265306122449
7,disgust,2,2,2,12,F,dataset/Audios/Actor_12/03-01-07-02-02-02-12.wav,Severe_Stress,-37.35675430297851,9420.5673828125,227.65433896553017,2.9296875
8,surprised,1,1,1,12,F,dataset/Audios/Actor_12/03-01-08-01-01-01-12.wav,Mild_Stress,-38.604793548583984,12625.35546875,265.3109659329299,3.605769230769231
8,surprised,1,1,2,12,F,dataset/Audios/Actor_12/03-01-08-01-01-02-12.wav,Mild_Stress,-33.63026428222656,12053.6728515625,238.4210512332145,3.605769230769231
8,surprised,1,2,1,12,F,dataset/Audios/Actor_12/03-01-08-01-02-01-12.wav,Mild_Stress,-38.12208938598633,11577.6005859375,223.74337368352585,3.98936170212766
8,surprised,1,2,2,12,F,dataset/Audios/Actor_12/03-01-08-01-02-02-12.wav,Mild_Stress,-40.574119567871094,11888.5087890625,240.66531621487468,3.6764705882352944
8,surprised,2,1,1,12,F,dataset/Audios/Actor_12/03-01-08-02-01-01-12.wav,Mild_Stress,-33.34235763549805,9168.6083984375,283.53674049948575,3.4722222222222223
8,surprised,2,1,2,12,F,dataset/Audios/Actor_12/03-01-08-02-01-02-12.wav,Mild_Stress,-36.04781723022461,8774.51953125,251.87087511019868,3.3482142857142856
8,surprised,2,2,1,12,F,dataset/Audios/Actor_12/03-01-08-02-02-01-12.wav,Mild_Stress,-35.413726806640625,10719.2197265625,242.58857779956992,3.3482142857142856
8,surprised,2,2,2,12,F,dataset/Audios/Actor_12/03-01-08-02-02-02-12.wav,Mild_Stress,-40.59321212768555,9661.1640625,231.63366671648825,3.537735849056604
1,neutral,1,1,1,13,M,dataset/Audios/Actor_13/03-01-01-01-01-01-13.wav,Healthy,-34.38434600830078,20996.291015625,104.98464168400548,4.6875
1,neutral,1,1,2,13,M,dataset/Audios/Actor_13/03-01-01-01-01-02-13.wav,Healthy,-33.14491653442383,20776.46484375,115.50642458707524,4.573170731707317
1,neutral,1,2,1,13,M,dataset/Audios/Actor_13/03-01-01-01-02-01-13.wav,Healthy,-34.764068603515625,19551.318359375,111.87168684176292,4.934210526315789
1,neutral,1,2,2,13,M,dataset/Audios/Actor_13/03-01-01-01-02-02-13.wav,Healthy,-34.53126907348633,16939.40234375,136.93921911669494,4.8076923076923075
2,calm,1,1,1,13,M,dataset/Audios/Actor_13/03-01-02-01-01-01-13.wav,Healthy,-33.35952377319336,21481.34375,100.82440951919276,4.076086956521739
2,calm,1,1,2,13,M,dataset/Audios/Actor_13/03-01-02-01-01-02-13.wav,Healthy,-33.84913635253906,21052.97265625,122.70366064862014,4.36046511627907
2,calm,1,2,1,13,M,dataset/Audios/Actor_13/03-01-02-01-02-01-13.wav,Healthy,-33.04741287231445,21896.91796875,108.68691707750624,4.464285714285714
2,calm,1,2,2,13,M,dataset/Audios/Actor_13/03-01-02-01-02-02-13.wav,Healthy,-33.98971176147461,20746.1171875,104.98464168400548,5.0675675675675675
2,calm,2,1,1,13,M,dataset/Audios/Actor_13/03-01-02-02-01-01-13.wav,Healthy,-32.75243377685547,21426.33203125,100.24370365151614,4.464285714285714
2,calm,2,1,2,13,M,dataset/Audios/Actor_13/03-01-02-02-01-02-13.wav,Healthy,-34.007808685302734,20548.81640625,103.18106837793296,4.36046511627907
2,calm,2,2,1,13,M,dataset/Audios/Actor_13/03-01-02-02-02-01-13.wav,Healthy,-34.021728515625,19462.287109375,113.82716948276509,5.0675675675675675
2,calm,2,2,2,13,M,dataset/Audios/Actor_13/03-01-02-02-02-02-13.wav,Healthy,-34.762577056884766,20038.408203125,101.9959327265776,4.934210526315789
3,happy,1,1,1,13,M,dataset/Audios/Actor_13/03-01-03-01-01-01-13.wav,Healthy,-32.249393463134766,14638.1181640625,121.29428889978496,4.464285714285714
3,happy,1,1,2,13,M,dataset/Audios/Actor_13/03-01-03-01-01-02-13.wav,Healthy,-33.40190124511719,15446.5810546875,125.2351692297514,4.464285714285714
3,happy,1,2,1,13,M,dataset/Audios/Actor_13/03-01-03-01-02-01-13.wav,Healthy,-33.87934112548828,14256.1943359375,140.13768379557115,4.8076923076923075
3,happy,1,2,2,13,M,dataset/Audios/Actor_13/03-01-03-01-02-02-13.wav,Healthy,-33.91762924194336,12832.9736328125,198.18791922669993,4.261363636363637
3,happy,2,1,1,13,M,dataset/Audios/Actor_13/03-01-03-02-01-01-13.wav,Healthy,-28.471864700317383,12165.220703125,145.9200662802185,3.6764705882352944
3,happy,2,1,2,13,M,dataset/Audios/Actor_13/03-01-03-02-01-02-13.wav,Healthy,-31.782548904418945,10758.60546875,227.65433896553017,2.9296875
3,happy,2,2,1,13,M,dataset/Audios/Actor_13/03-01-03-02-02-01-13.wav,Healthy,-33.57181930541992,7754.39794921875,249.6969657132611,3.90625
3,happy,2,2,2,13,M,dataset/Audios/Actor_13/03-01-03-02-02-02-13.wav,Healthy,-32.05629348754883,7899.64892578125,235.0038360850623,4.076086956521739
4,sad,1,1,1,13,M,dataset/Audios/Actor_13/03-01-04-01-01-01-13.wav,Mild_Stress,-33.818180084228516,22619.494140625,115.14977748330686,3.4722222222222223
4,sad,1,1,2,13,M,dataset/Audios/Actor_13/03-01-04-01-01-02-13.wav,Mild_Stress,-33.75839614868164,23181.2421875,114.1568665251322,3.537735849056604
4,sad,1,2,1,13,M,dataset/Audios/Actor_13/03-01-04-01-02-01-13.wav,Mild_Stress,-34.813533782958984,21940.755859375,111.2273533387383,3.826530612244898
4,sad,1,2,2,13,M,dataset/Audios/Actor_13/03-01-04-01-02-02-13.wav,Mild_Stress,-34.93384552001953,22033.36328125,112.5197529307986,3.98936170212766
4,sad,2,1,1,13,M,dataset/Audios/Actor_13/03-01-04-02-01-01-13.wav,Mild_Stress,-32.076393127441406,16606.201171875,138.52806521170294,4.261363636363637
4,sad,2,1,2,13,M,dataset/Audios/Actor_13/03-01-04-02-01-02-13.wav,Mild_Stress,-32.599178314208984,19793.396484375,127.76880927116424,4.166666666666667
4,sad,2,2,1,13,M,dataset/Audios/Actor_13/03-01-04-02-02-01-13.wav,Mild_Stress,-33.41538619995117,20097.7578125,124.84848285663055,3.75
4,sad,2,2,2,13,M,dataset/Audios/Actor_13/03-01-04-02-02-02-13.wav,Mild_Stress,-33.497066497802734,23095.033203125,115.81683335824412,4.166666666666667
5,angry,1,1,1,13,M,dataset/Audios/Actor_13/03-01-05-01-01-01-13.wav,Moderate_Stress,-29.90410423278809,12445.0576171875,144.24403136881983,3.826530612244898
5,angry,1,1,2,13,M,dataset/Audios/Actor_13/03-01-05-01-01-02-13.wav,Moderate_Stress,-28.850513458251953,11016.0068359375,164.26414863182578,3.605769230769231
5,angry,1,2,1,13,M,dataset/Audios/Actor_13/03-01-05-01-02-01-13.wav,Moderate_Stress,-29.55504035949707,11404.6103515625,148.9007451300074,3.537735849056604
5,angry,1,2,2,13,M,dataset/Audios/Actor_13/03-01-05-01-02-02-13.wav,Moderate_Stress,-30.837661743164062,10169.9130859375,160.5123502919532,3.98936170212766
5,angry,2,1,1,13,M,dataset/Audios/Actor_13/03-01-05-02-01-01-13.wav,Moderate_Stress,-23.12098503112793,2882.927001953125,330.4424671360283,3.537735849056604
5,angry,2,1,2,13,M,dataset/Audios/Actor_13/03-01-05-02-01-02-13.wav,Moderate_Stress,-21.501510620117188,6431.14208984375,230.29955496661373,2.568493150684932
5,angry,2,2,1,13,M,dataset/Audios/Actor_13/03-01-05-02-02-01-13.wav,Moderate_Stress,-24.89715003967285,3666.9052734375,303.8820846259238,3.409090909090909
5,angry,2,2,2,13,M,dataset/Audios/Actor_13/03-01-05-02-02-02-13.wav,Moderate_Stress,-26.873476028442383,2545.633056640625,349.07467404396914,2.6785714285714284
6,fearful,1,1,1,13,M,dataset/Audios/Actor_13/03-01-06-01-01-01-13.wav,Moderate_Stress,-30.536527633666992,15567.4990234375,158.21045677717683,4.6875
6,fearful,1,1,2,13,M,dataset/Audios/Actor_13/03-01-06-01-01-02-13.wav,Moderate_Stress,-30.230884552001953,17139.38671875,140.17509077770785,4.573170731707317
6,fearful,1,2,1,13,M,dataset/Audios/Actor_13/03-01-06-01-02-01-13.wav,Moderate_Stress,-28.946300506591797,13147.115234375,144.24403136881983,4.464285714285714
6,fearful,1,2,2,13,M,dataset/Audios/Actor_13/03-01-06-01-02-02-13.wav,Moderate_Stress,-27.92625617980957,13140.0458984375,155.49249582586248,4.36046511627907
6,fearful,2,1,1,13,M,dataset/Audios/Actor_13/03-01-06-02-01-01-13.wav,Moderate_Stress,-30.255346298217773,15893.8447265625,167.61814009714527,3.98936170212766
6,fearful,2,1,2,13,M,dataset/Audios/Actor_13/03-01-06-02-01-02-13.wav,Moderate_Stress,-28.04591178894043,6351.69091796875,278.66110025943624,4.166666666666667
6,fearful,2,2,1,13,M,dataset/Audios/Actor_13/03-01-06-02-02-01-13.wav,Moderate_Stress,-28.99703025817871,7286.34765625,231.77279200793504,3.6764705882352944
6,fearful,2,2,2,13,M,dataset/Audios/Actor_13/03-01-06-02-02-02-13.wav,Moderate_Stress,-30.5450439453125,14778.6103515625,142.58724736030138,4.36046511627907
7,disgust,1,1,1,13,M,dataset/Audios/Actor_13/03-01-07-01-01-01-13.wav,Severe_Stress,-32.66683578491211,21070.69921875,99.09230651162451,4.464285714285714
7,disgust,1,1,2,13,M,dataset/Audios/Actor_13/03-01-07-01-01-02-13.wav,Severe_Stress,-32.33302307128906,19830.330078125,97.10949754997998,4.464285714285714
7,disgust,1,2,1,13,M,dataset/Audios/Actor_13/03-01-07-01-02-01-13.wav,Severe_Stress,-31.4169979095459,19755.966796875,102.58850055225528,4.166666666666667
7,disgust,1,2,2,13,M,dataset/Audios/Actor_13/03-01-07-01-02-02-13.wav,Severe_Stress,-32.68178176879883,18554.56640625,103.77879022636448,4.261363636363637
7,disgust,2,1,1,13,M,dataset/Audios/Actor_13/03-01-07-02-01-01-13.wav,Severe_Stress,-30.734365463256836,14934.119140625,235.68255189130872,3.75
7,disgust,2,1,2,13,M,dataset/Audios/Actor_13/03-01-07-02-01-02-13.wav,Severe_Stress,-30.979719161987305,17632.447265625,114.4865635674993,2.9761904761904763
7,disgust,2,2,1,13,M,dataset/Audios/Actor_13/03-01-07-02-02-01-13.wav,Severe_Stress,-30.94617080688477,19632.1484375,101.40847938173854,3.90625
7,disgust,2,2,2,13,M,dataset/Audios/Actor_13/03-01-07-02-02-02-13.wav,Severe_Stress,-30.774017333984375,16960.548828125,118.5239235125682,3.826530612244898
8,surprised,1,1,1,13,M,dataset/Audios/Actor_13/03-01-08-01-01-01-13.wav,Mild_Stress,-32.90250015258789,11301.9404296875,201.6488190383855,3.98936170212766
8,surprised,1,1,2,13,M,dataset/Audios/Actor_13/03-01-08-01-01-02-13.wav,Mild_Stress,-36.921836853027344,15358.7490234375,205.1735783080468,4.6875
8,surprised,1,2,1,13,M,dataset/Audios/Actor_13/03-01-08-01-02-01-13.wav,Mild_Stress,-35.08985900878906,15898.201171875,223.74337368352585,4.6875
8,surprised,1,2,2,13,M,dataset/Audios/Actor_13/03-01-08-01-02-02-13.wav,Mild_Stress,-37.91593170166016,15291.3408203125,213.63948179230545,5.0675675675675675
8,surprised,2,1,1,13,M,dataset/Audios/Actor_13/03-01-08-02-01-01-13.wav,Mild_Stress,-30.3619327545166,11280.47265625,376.2962791708909,4.166666666666667
8,surprised,2,1,2,13,M,dataset/Audios/Actor_13/03-01-08-02-01-02-13.wav,Mild_Stress,-28.34442138671875,15224.6591796875,355.1704667561429,4.076086956521739
8,surprised,2,2,1,13,M,dataset/Audios/Actor_13/03-01-08-02-02-01-13.wav,Mild_Stress,-28.21642684936523,10416.697265625,193.1003760016023,4.076086956521739
8,surprised,2,2,2,13,M,dataset/Audios/Actor_13/03-01-08-02-02-02-13.wav,Mild_Stress,-28.673429489135746,9917.3173828125,225.0395058615972,4.166666666666667
1,neutral,1,1,1,14,F,dataset/Audios/Actor_14/03-01-01-01-01-01-14.wav,Healthy,-44.926795959472656,23134.45703125,195.34409429283173,3.826530612244898
1,neutral,1,1,2,14,F,dataset/Audios/Actor_14/03-01-01-01-01-02-14.wav,Healthy,-44.86916732788086,22554.91796875,206.36213675586595,4.166666666666667
1,neutral,1,2,1,14,F,dataset/Audios/Actor_14/03-01-01-01-02-01-14.wav,Healthy,-44.975547790527344,20617.263671875,235.68255189130872,3.90625
1,neutral,1,2,2,14,F,dataset/Audios/Actor_14/03-01-01-01-02-02-14.wav,Healthy,-44.541160583496094,20813.732421875,237.0478470251364,3.6764705882352944
2,calm,1,1,1,14,F,dataset/Audios/Actor_14/03-01-02-01-01-01-14.wav,Healthy,-48.27879333496094,23419.326171875,197.04315364635175,3.3482142857142856
2,calm,1,1,2,14,F,dataset/Audios/Actor_14/03-01-02-01-01-02-14.wav,Healthy,-46.75358963012695,25170.833984375,203.99186545315516,3.537735849056604
2,calm,1,2,1,14,F,dataset/Audios/Actor_14/03-01-02-01-02-01-14.wav,Healthy,-47.075462341308594,20462.673828125,263.0210544784999,3.90625
2,calm,1,2,2,14,F,dataset/Audios/Actor_14/03-01-02-01-02-02-14.wav,Healthy,-46.785125732421875,20373.8515625,241.8899741021552,3.75
2,calm,2,1,1,14,F,dataset/Audios/Actor_14/03-01-02-02-01-01-14.wav,Healthy,-48.593719482421875,28324.36328125,181.73609144327253,3.125
2,calm,2,1,2,14,F,dataset/Audios/Actor_14/03-01-02-02-01-02-14.wav,Healthy,-50.523284912109375,27384.53515625,228.9731271349986,3.024193548387097
2,calm,2,2,1,14,F,dataset/Audios/Actor_14/03-01-02-02-02-01-14.wav,Healthy,-47.553955078125,25822.810546875,181.21877615335816,3.3482142857142856
2,calm,2,2,2,14,F,dataset/Audios/Actor_14/03-01-02-02-02-02-14.wav,Healthy,-46.11972427368164,23044.7109375,223.74337368352585,3.125
3,happy,1,1,1,14,F,dataset/Audios/Actor_14/03-01-03-01-01-01-14.wav,Healthy,-36.25345230102539,9762.759765625,342.08408197734457,3.232758620689655
3,happy,1,1,2,14,F,dataset/Audios/Actor_14/03-01-03-01-01-02-14.wav,Healthy,-35.35514831542969,9578.6474609375,313.7029526030393,3.409090909090909
3,happy,1,2,1,14,F,dataset/Audios/Actor_14/03-01-03-01-02-01-14.wav,Healthy,-40.8177604675293,11157.3525390625,320.0975474696782,4.261363636363637
3,happy,1,2,2,14,F,dataset/Audios/Actor_14/03-01-03-01-02-02-14.wav,Healthy,-41.52232360839844,11407.0927734375,330.4424671360283,3.826530612244898
3,happy,2,1,1,14,F,dataset/Audios/Actor_14/03-01-03-02-01-01-14.wav,Healthy,-32.02657699584961,7117.52099609375,248.25881701670832,3.024193548387097
3,happy,2,1,2,14,F,dataset/Audios/Actor_14/03-01-03-02-01-02-14.wav,Healthy,-35.43366622924805,6589.521484375,263.0210544784999,3.232758620689655
3,happy,2,2,1,14,F,dataset/Audios/Actor_14/03-01-03-02-02-01-14.wav,Healthy,-35.16468048095703,6020.7734375,217.37383415501247,3.289473684210526
3,happy,2,2,2,14,F,dataset/Audios/Actor_14/03-01-03-02-02-02-14.wav,Healthy,-34.56420135498047,9251.0966796875,281.8989862783688,3.024193548387097
4,sad,1,1,1,14,F,dataset/Audios/Actor_14/03-01-04-01-01-01-14.wav,Mild_Stress,-42.59391403198242,22925.75,231.1284585049104,2.9761904761904763
4,sad,1,1,2,14,F,dataset/Audios/Actor_14/03-01-04-01-01-02-14.wav,Mild_Stress,-41.59208679199219,18984.3203125,231.73027854740587,3.537735849056604
4,sad,1,2,1,14,F,dataset/Audios/Actor_14/03-01-04-01-02-01-14.wav,Mild_Stress,-44.90627670288086,21119.75,260.0,3.289473684210526
4,sad,1,2,2,14,F,dataset/Audios/Actor_14/03-01-04-01-02-02-14.wav,Mild_Stress,-40.6658821105957,18271.240234375,258.50251019256234,3.826530612244898
4,sad,2,1,1,14,F,dataset/Audios/Actor_14/03-01-04-02-01-01-14.wav,Mild_Stress,-40.44718933105469,14650.9755859375,281.0871769347556,3.125
4,sad,2,1,2,14,F,dataset/Audios/Actor_14/03-01-04-02-01-02-14.wav,Mild_Stress,-39.02785873413086,16148.919921875,331.3857631030082,3.4722222222222223
4,sad,2,2,1,14,F,dataset/Audios/Actor_14/03-01-04-02-02-01-14.wav,Mild_Stress,-42.379390716552734,14348.11328125,287.65727825010686,3.4722222222222223
4,sad,2,2,2,14,F,dataset/Audios/Actor_14/03-01-04-02-02-02-14.wav,Mild_Stress,-42.77709197998047,12722.701171875,310.98499165172495,3.0737704918032787
5,angry,1,1,1,14,F,dataset/Audios/Actor_14/03-01-05-01-01-01-14.wav,Moderate_Stress,-37.66593933105469,11621.9365234375,275.4604045334168,3.826530612244898
5,angry,1,1,2,14,F,dataset/Audios/Actor_14/03-01-05-01-01-02-14.wav,Moderate_Stress,-34.975616455078125,10895.0166015625,282.7154983856679,3.4722222222222223
5,angry,1,2,1,14,F,dataset/Audios/Actor_14/03-01-05-01-02-01-14.wav,Moderate_Stress,-38.49509811401367,10056.140625,279.47755835088736,3.537735849056604
5,angry,1,2,2,14,F,dataset/Audios/Actor_14/03-01-05-01-02-02-14.wav,Moderate_Stress,-39.690921783447266,10641.9736328125,268.393730863033,3.125
5,angry,2,1,1,14,F,dataset/Audios/Actor_14/03-01-05-02-01-01-14.wav,Moderate_Stress,-25.50054168701172,4388.43603515625,254.42953275011928,2.6785714285714284
5,angry,2,1,2,14,F,dataset/Audios/Actor_14/03-01-05-02-01-02-14.wav,Moderate_Stress,-28.66875457763672,5363.873046875,385.0853635945067,2.568493150684932
5,angry,2,2,1,14,F,dataset/Audios/Actor_14/03-01-05-02-02-01-14.wav,Moderate_Stress,-30.00240898132324,4868.46484375,363.47218288654506,2.840909090909091
5,angry,2,2,2,14,F,dataset/Audios/Actor_14/03-01-05-02-02-02-14.wav,Moderate_Stress,-31.13508415222168,5753.78125,254.42953275011928,2.533783783783784
6,fearful,1,1,1,14,F,dataset/Audios/Actor_14/03-01-06-01-01-01-14.wav,Moderate_Stress,-44.11732482910156,23040.404296875,248.9778913649847,3.3482142857142856
6,fearful,1,1,2,14,F,dataset/Audios/Actor_14/03-01-06-01-01-02-14.wav,Moderate_Stress,-42.19540023803711,19593.708984375,263.0210544784999,2.9761904761904763
6,fearful,1,2,1,14,F,dataset/Audios/Actor_14/03-01-06-01-02-01-14.wav,Moderate_Stress,-40.68703079223633,17199.560546875,254.06159179290393,4.166666666666667
6,fearful,1,2,2,14,F,dataset/Audios/Actor_14/03-01-06-01-02-02-14.wav,Moderate_Stress,-41.09601974487305,15432.6220703125,278.66110025943624,4.261363636363637
6,fearful,2,1,1,14,F,dataset/Audios/Actor_14/03-01-06-02-01-01-14.wav,Moderate_Stress,-29.061538696289062,5459.1865234375,296.9463619288286,4.261363636363637
6,fearful,2,1,2,14,F,dataset/Audios/Actor_14/03-01-06-02-01-02-14.wav,Moderate_Stress,-27.16209602355957,4543.04833984375,291.8401325604369,4.36046511627907
6,fearful,2,2,1,14,F,dataset/Audios/Actor_14/03-01-06-02-02-01-14.wav,Moderate_Stress,-40.34697723388672,7230.7880859375,257.013645291753,4.076086956521739
6,fearful,2,2,2,14,F,dataset/Audios/Actor_14/03-01-06-02-02-02-14.wav,Moderate_Stress,-37.63932037353515,7250.646484375,266.0772119191614,3.98936170212766
7,disgust,1,1,1,14,F,dataset/Audios/Actor_14/03-01-07-01-01-01-14.wav,Severe_Stress,-38.67593002319336,13081.013671875,275.4604045334168,2.840909090909091
7,disgust,1,1,2,14,F,dataset/Audios/Actor_14/03-01-07-01-01-02-14.wav,Severe_Stress,-40.51557922363281,15447.9228515625,238.4210512332145,3.409090909090909
7,disgust,1,2,1,14,F,dataset/Audios/Actor_14/03-01-07-01-02-01-14.wav,Severe_Stress,-40.032318115234375,16115.8759765625,241.9383992361357,3.232758620689655
7,disgust,1,2,2,14,F,dataset/Audios/Actor_14/03-01-07-01-02-02-14.wav,Severe_Stress,-38.63654708862305,12576.9052734375,293.5307452495941,3.232758620689655
7,disgust,2,1,1,14,F,dataset/Audios/Actor_14/03-01-07-02-01-01-14.wav,Severe_Stress,-38.75456237792969,11318.2294921875,249.6969657132611,2.9296875
7,disgust,2,1,2,14,F,dataset/Audios/Actor_14/03-01-07-02-01-02-14.wav,Severe_Stress,-40.56203842163086,13612.302734375,246.828951447135,3.232758620689655
7,disgust,2,2,1,14,F,dataset/Audios/Actor_14/03-01-07-02-02-01-14.wav,Severe_Stress,-39.85657501220703,15235.236328125,237.0478470251364,3.409090909090909
7,disgust,2,2,2,14,F,dataset/Audios/Actor_14/03-01-07-02-02-02-14.wav,Severe_Stress,-42.22936248779297,11886.6728515625,270.72815965904965,3.232758620689655
8,surprised,1,1,1,14,F,dataset/Audios/Actor_14/03-01-08-01-01-01-14.wav,Mild_Stress,-44.336090087890625,18525.052734375,329.4771215546362,3.4722222222222223
8,surprised,1,1,2,14,F,dataset/Audios/Actor_14/03-01-08-01-01-02-14.wav,Mild_Stress,-42.108829498291016,16999.958984375,376.2900017344983,3.605769230769231
8,surprised,1,2,1,14,F,dataset/Audios/Actor_14/03-01-08-01-02-01-14.wav,Mild_Stress,-43.18505859375,15739.47265625,258.50251019256234,4.6875
8,surprised,1,2,2,14,F,dataset/Audios/Actor_14/03-01-08-01-02-02-14.wav,Mild_Stress,-42.61663818359375,14991.2373046875,264.5447199466984,4.261363636363637
8,surprised,2,1,1,14,F,dataset/Audios/Actor_14/03-01-08-02-01-01-14.wav,Mild_Stress,-39.41523361206055,15987.490234375,272.296471933363,2.9296875
8,surprised,2,1,2,14,F,dataset/Audios/Actor_14/03-01-08-02-01-02-14.wav,Mild_Stress,-37.67580795288086,10577.1171875,307.41302436705854,3.4722222222222223
8,surprised,2,2,1,14,F,dataset/Audios/Actor_14/03-01-08-02-02-01-14.wav,Mild_Stress,-40.77206802368164,12412.744140625,260.0,3.409090909090909
8,surprised,2,2,2,14,F,dataset/Audios/Actor_14/03-01-08-02-02-02-14.wav,Mild_Stress,-39.354095458984375,13323.384765625,207.55758045272896,3.3482142857142856
1,neutral,1,1,1,15,M,dataset/Audios/Actor_15/03-01-01-01-01-01-15.wav,Healthy,-28.224843978881836,14004.576171875,135.75615789810317,4.261363636363637
1,neutral,1,1,2,15,M,dataset/Audios/Actor_15/03-01-01-01-01-02-15.wav,Healthy,-28.503583908081055,15132.7646484375,138.52806521170294,3.98936170212766
1,neutral,1,2,1,15,M,dataset/Audios/Actor_15/03-01-01-01-02-01-15.wav,Healthy,-27.568923950195312,14561.1904296875,115.81683335824412,3.90625
1,neutral,1,2,2,15,M,dataset/Audios/Actor_15/03-01-01-01-02-02-15.wav,Healthy,-28.99567222595215,14337.0673828125,138.52806521170294,4.076086956521739
2,calm,1,1,1,15,M,dataset/Audios/Actor_15/03-01-02-01-01-01-15.wav,Healthy,-30.357276916503903,18319.251953125,120.9449870510776,3.537735849056604
2,calm,1,1,2,15,M,dataset/Audios/Actor_15/03-01-02-01-01-02-15.wav,Healthy,-29.58911895751953,16615.216796875,124.12940850835416,3.605769230769231
2,calm,1,2,1,15,M,dataset/Audios/Actor_15/03-01-02-01-02-01-15.wav,Healthy,-34.733848571777344,24941.365234375,130.75308233882097,2.160556343258389
2,calm,1,2,2,15,M,dataset/Audios/Actor_15/03-01-02-01-02-02-15.wav,Healthy,-28.788503646850582,15686.1572265625,124.84848285663055,3.605769230769231
2,calm,2,1,1,15,M,dataset/Audios/Actor_15/03-01-02-02-01-01-15.wav,Healthy,-29.867095947265625,16538.392578125,120.59568520237023,3.409090909090909
2,calm,2,1,2,15,M,dataset/Audios/Actor_15/03-01-02-02-01-02-15.wav,Healthy,-33.489402770996094,22912.4375,116.15229340339896,2.604166666666667
2,calm,2,2,1,15,M,dataset/Audios/Actor_15/03-01-02-02-02-01-15.wav,Healthy,-32.143157958984375,22526.6640625,133.03860595958074,2.2865853658536586
2,calm,2,2,2,15,M,dataset/Audios/Actor_15/03-01-02-02-02-02-15.wav,Healthy,-35.071319580078125,23404.388671875,141.7660052464835,2.373417721518987
3,happy,1,1,1,15,M,dataset/Audios/Actor_15/03-01-03-01-01-01-15.wav,Healthy,-26.964357376098633,12752.01171875,133.80929076365396,4.166666666666667
3,happy,1,1,2,15,M,dataset/Audios/Actor_15/03-01-03-01-01-02-15.wav,Healthy,-33.463706970214844,22709.962890625,144.24403136881983,2.5589764094362253
3,happy,1,2,1,15,M,dataset/Audios/Actor_15/03-01-03-01-02-01-15.wav,Healthy,-28.892847061157227,15727.7890625,138.52806521170294,3.75
3,happy,1,2,2,15,M,dataset/Audios/Actor_15/03-01-03-01-02-02-15.wav,Healthy,-23.721094131469727,11080.904296875,134.9787633651677,4.166666666666667
3,happy,2,1,1,15,M,dataset/Audios/Actor_15/03-01-03-02-01-01-15.wav,Healthy,-22.361791610717773,11800.3447265625,203.41119867321615,3.289473684210526
3,happy,2,1,2,15,M,dataset/Audios/Actor_15/03-01-03-02-01-02-15.wav,Healthy,-20.824533462524418,8970.537109375,146.37201651545078,3.90625
3,happy,2,2,1,15,M,dataset/Audios/Actor_15/03-01-03-02-02-01-15.wav,Healthy,-23.346790313720703,9414.982421875,165.6928815515041,3.024193548387097
3,happy,2,2,2,15,M,dataset/Audios/Actor_15/03-01-03-02-02-02-15.wav,Healthy,-23.25239372253418,8438.9677734375,144.69079051284876,4.166666666666667
4,sad,1,1,1,15,M,dataset/Audios/Actor_15/03-01-04-01-01-01-15.wav,Mild_Stress,-34.30654525756836,21981.8125,141.7660052464835,2.798507462686567
4,sad,1,1,2,15,M,dataset/Audios/Actor_15/03-01-04-01-01-02-15.wav,Mild_Stress,-35.14788055419922,27916.33984375,117.84127594565436,2.604166666666667
4,sad,1,2,1,15,M,dataset/Audios/Actor_15/03-01-04-01-02-01-15.wav,Mild_Stress,-25.982667922973633,12599.4169921875,124.84848285663055,4.261363636363637
4,sad,1,2,2,15,M,dataset/Audios/Actor_15/03-01-04-01-02-02-15.wav,Mild_Stress,-36.429405212402344,25461.919921875,127.03079589645196,2.34375
4,sad,2,1,1,15,M,dataset/Audios/Actor_15/03-01-04-02-01-01-15.wav,Mild_Stress,-26.994741439819336,16951.998046875,142.58724736030138,3.3482142857142856
4,sad,2,1,2,15,M,dataset/Audios/Actor_15/03-01-04-02-01-02-15.wav,Mild_Stress,-28.031599044799805,17556.263671875,147.19047420200556,3.024193548387097
4,sad,2,2,1,15,M,dataset/Audios/Actor_15/03-01-04-02-02-01-15.wav,Mild_Stress,-29.660985946655273,11973.6142578125,139.73411696264463,3.6764705882352944
4,sad,2,2,2,15,M,dataset/Audios/Actor_15/03-01-04-02-02-02-15.wav,Mild_Stress,-31.915571212768555,22321.1171875,141.35774919283395,2.435064935064935
5,angry,1,1,1,15,M,dataset/Audios/Actor_15/03-01-05-01-01-01-15.wav,Moderate_Stress,-23.117185592651367,9354.8623046875,170.05691132319583,3.6764705882352944
5,angry,1,1,2,15,M,dataset/Audios/Actor_15/03-01-05-01-01-02-15.wav,Moderate_Stress,-22.72309684753418,7418.61962890625,197.63366364850043,3.6764705882352944
5,angry,1,2,1,15,M,dataset/Audios/Actor_15/03-01-05-01-02-01-15.wav,Moderate_Stress,-28.268836975097656,17146.837890625,254.42953275011928,2.4671052631578947
5,angry,1,2,2,15,M,dataset/Audios/Actor_15/03-01-05-01-02-02-15.wav,Moderate_Stress,-23.222652435302734,6690.3505859375,193.6580702059513,3.826530612244898
5,angry,2,1,1,15,M,dataset/Audios/Actor_15/03-01-05-02-01-01-15.wav,Moderate_Stress,-21.74622917175293,5911.69970703125,254.06159179290393,3.826530612244898
5,angry,2,1,2,15,M,dataset/Audios/Actor_15/03-01-05-02-01-02-15.wav,Moderate_Stress,-21.659833908081055,6012.33740234375,246.11813637218768,3.3482142857142856
5,angry,2,2,1,15,M,dataset/Audios/Actor_15/03-01-05-02-02-01-15.wav,Moderate_Stress,-19.608306884765625,6340.63916015625,182.78887791090543,3.98936170212766
5,angry,2,2,2,15,M,dataset/Audios/Actor_15/03-01-05-02-02-02-15.wav,Moderate_Stress,-22.509672164916992,5219.94580078125,275.4604045334168,3.605769230769231
6,fearful,1,1,1,15,M,dataset/Audios/Actor_15/03-01-06-01-01-01-15.wav,Moderate_Stress,-30.381980895996097,22652.453125,133.88966015399205,2.7573529411764706
6,fearful,1,1,2,15,M,dataset/Audios/Actor_15/03-01-06-01-01-02-15.wav,Moderate_Stress,-25.94561767578125,15274.5927734375,167.68805176257524,3.232758620689655
6,fearful,1,2,1,15,M,dataset/Audios/Actor_15/03-01-06-01-02-01-15.wav,Moderate_Stress,-25.209779739379883,16044.5771484375,151.06592630451914,3.232758620689655
6,fearful,1,2,2,15,M,dataset/Audios/Actor_15/03-01-06-01-02-02-15.wav,Moderate_Stress,-37.50640106201172,21007.513671875,173.52918104210443,2.1306818181818183
6,fearful,2,1,1,15,M,dataset/Audios/Actor_15/03-01-06-02-01-01-15.wav,Moderate_Stress,-24.348358154296875,12220.87109375,181.73609144327253,3.0737704918032787
6,fearful,2,1,2,15,M,dataset/Audios/Actor_15/03-01-06-02-01-02-15.wav,Moderate_Stress,-23.54684829711914,8975.833984375,216.74784357606865,3.289473684210526
6,fearful,2,2,1,15,M,dataset/Audios/Actor_15/03-01-06-02-02-01-15.wav,Moderate_Stress,-29.090896606445312,18039.419921875,159.12696062960518,2.604166666666667
6,fearful,2,2,2,15,M,dataset/Audios/Actor_15/03-01-06-02-02-02-15.wav,Moderate_Stress,-22.53101921081543,6797.337890625,189.23491376948436,3.826530612244898
7,disgust,1,1,1,15,M,dataset/Audios/Actor_15/03-01-07-01-01-01-15.wav,Severe_Stress,-33.032230377197266,18108.01171875,155.94287525826883,2.4038461538461537
7,disgust,1,1,2,15,M,dataset/Audios/Actor_15/03-01-07-01-01-02-15.wav,Severe_Stress,-29.799285888671875,14768.6083984375,134.5844400993791,3.289473684210526
7,disgust,1,2,1,15,M,dataset/Audios/Actor_15/03-01-07-01-02-01-15.wav,Severe_Stress,-29.334238052368164,14933.7548828125,151.06592630451914,3.024193548387097
7,disgust,1,2,2,15,M,dataset/Audios/Actor_15/03-01-07-01-02-02-15.wav,Severe_Stress,-29.0594539642334,13917.0146484375,156.85147630151965,2.533783783783784
7,disgust,2,1,1,15,M,dataset/Audios/Actor_15/03-01-07-02-01-01-15.wav,Severe_Stress,-24.3260440826416,11326.3857421875,176.56241769755178,3.289473684210526
7,disgust,2,1,2,15,M,dataset/Audios/Actor_15/03-01-07-02-01-02-15.wav,Severe_Stress,-31.249488830566406,21928.943359375,136.93693467412865,2.180232558139535
7,disgust,2,2,1,15,M,dataset/Audios/Actor_15/03-01-07-02-02-01-15.wav,Severe_Stress,-30.463970184326172,18068.916015625,122.3911241884186,2.6408450704225355
7,disgust,2,2,2,15,M,dataset/Audios/Actor_15/03-01-07-02-02-02-15.wav,Severe_Stress,-32.9221076965332,19074.9140625,189.23491376948436,2.373417721518987
8,surprised,1,1,1,15,M,dataset/Audios/Actor_15/03-01-08-01-01-01-15.wav,Mild_Stress,-32.09819412231445,21240.6796875,142.58724736030138,2.232142857142857
8,surprised,1,1,2,15,M,dataset/Audios/Actor_15/03-01-08-01-01-02-15.wav,Mild_Stress,-27.341367721557617,12349.34765625,148.4806116090963,3.90625
8,surprised,1,2,1,15,M,dataset/Audios/Actor_15/03-01-08-01-02-01-15.wav,Mild_Stress,-28.951114654541016,12758.056640625,137.33356847041853,3.3482142857142856
8,surprised,1,2,2,15,M,dataset/Audios/Actor_15/03-01-08-01-02-02-15.wav,Mild_Stress,-31.652118682861328,17735.408203125,203.99186545315516,3.409090909090909
8,surprised,2,1,1,15,M,dataset/Audios/Actor_15/03-01-08-02-01-01-15.wav,Mild_Stress,-17.423870086669922,8093.75,178.0996037738115,4.166666666666667
8,surprised,2,1,2,15,M,dataset/Audios/Actor_15/03-01-08-02-01-02-15.wav,Mild_Stress,-23.205322265625,13719.068359375,155.04471038810811,3.537735849056604
8,surprised,2,2,1,15,M,dataset/Audios/Actor_15/03-01-08-02-02-01-15.wav,Mild_Stress,-24.078767776489254,10806.19921875,130.0,4.6875
8,surprised,2,2,2,15,M,dataset/Audios/Actor_15/03-01-08-02-02-02-15.wav,Mild_Stress,-26.97122573852539,14816.8896484375,153.2638700001992,3.232758620689655
1,neutral,1,1,1,16,F,dataset/Audios/Actor_16/03-01-01-01-01-01-16.wav,Healthy,-38.86873245239258,19265.2734375,181.2127300113882,3.1779661016949152
1,neutral,1,1,2,16,F,dataset/Audios/Actor_16/03-01-01-01-01-02-16.wav,Healthy,-38.50565719604492,18479.107421875,185.98397121658357,3.1779661016949152
1,neutral,1,2,1,16,F,dataset/Audios/Actor_16/03-01-01-01-02-01-16.wav,Healthy,-38.665252685546875,15475.7265625,210.6196097379805,3.409090909090909
1,neutral,1,2,2,16,F,dataset/Audios/Actor_16/03-01-01-01-02-02-16.wav,Healthy,-38.76055145263672,17300.951171875,209.9692833680109,3.537735849056604
2,calm,1,1,1,16,F,dataset/Audios/Actor_16/03-01-02-01-01-01-16.wav,Healthy,-41.01933288574219,20780.810546875,178.6139741695516,3.232758620689655
2,calm,1,1,2,16,F,dataset/Audios/Actor_16/03-01-02-01-01-02-16.wav,Healthy,-38.4011116027832,19097.130859375,212.40900892134297,2.9761904761904763
2,calm,1,2,1,16,F,dataset/Audios/Actor_16/03-01-02-01-02-01-16.wav,Healthy,-41.97826385498047,20445.0625,185.98397121658357,3.0737704918032787
2,calm,1,2,2,16,F,dataset/Audios/Actor_16/03-01-02-01-02-02-16.wav,Healthy,-38.938472747802734,17586.044921875,185.98397121658357,3.289473684210526
2,calm,2,1,1,16,F,dataset/Audios/Actor_16/03-01-02-02-01-01-16.wav,Healthy,-40.27834701538086,18595.0078125,198.18461302324903,3.024193548387097
2,calm,2,1,2,16,F,dataset/Audios/Actor_16/03-01-02-02-01-02-16.wav,Healthy,-36.93576431274414,16032.96875,199.33268480704808,2.8846153846153846
2,calm,2,2,1,16,F,dataset/Audios/Actor_16/03-01-02-02-02-01-16.wav,Healthy,-42.576602935791016,19350.517578125,188.68995731836677,3.125
2,calm,2,2,2,16,F,dataset/Audios/Actor_16/03-01-02-02-02-02-16.wav,Healthy,-41.60221862792969,19105.814453125,164.73856077731807,3.0737704918032787
3,happy,1,1,1,16,F,dataset/Audios/Actor_16/03-01-03-01-01-01-16.wav,Healthy,-36.09564208984375,11895.2158203125,205.7678575319564,3.4722222222222223
3,happy,1,1,2,16,F,dataset/Audios/Actor_16/03-01-03-01-01-02-16.wav,Healthy,-33.5141716003418,11921.5126953125,255.5333556217653,3.3482142857142856
3,happy,1,2,1,16,F,dataset/Audios/Actor_16/03-01-03-01-02-01-16.wav,Healthy,-36.39559173583984,12876.0205078125,201.0748217852626,3.3482142857142856
3,happy,1,2,2,16,F,dataset/Audios/Actor_16/03-01-03-01-02-02-16.wav,Healthy,-37.307430267333984,12393.806640625,235.68255189130872,3.4722222222222223
3,happy,2,1,1,16,F,dataset/Audios/Actor_16/03-01-03-02-01-01-16.wav,Healthy,-34.87324142456055,9718.6201171875,272.296471933363,3.232758620689655
3,happy,2,1,2,16,F,dataset/Audios/Actor_16/03-01-03-02-01-02-16.wav,Healthy,-28.733360290527344,6548.06201171875,296.94140822080067,3.6764705882352944
3,happy,2,2,1,16,F,dataset/Audios/Actor_16/03-01-03-02-02-01-16.wav,Healthy,-36.70314407348633,8576.47265625,254.79747370733463,3.3482142857142856
3,happy,2,2,2,16,F,dataset/Audios/Actor_16/03-01-03-02-02-02-16.wav,Healthy,-34.53462600708008,9817.625,225.698856324528,3.289473684210526
4,sad,1,1,1,16,F,dataset/Audios/Actor_16/03-01-04-01-01-01-16.wav,Mild_Stress,-39.24504089355469,18182.85546875,232.97550689710764,3.4722222222222223
4,sad,1,1,2,16,F,dataset/Audios/Actor_16/03-01-04-01-01-02-16.wav,Mild_Stress,-40.86278533935547,19257.16015625,194.7799199939686,3.4722222222222223
4,sad,1,2,1,16,F,dataset/Audios/Actor_16/03-01-04-01-02-01-16.wav,Mild_Stress,-40.23554611206055,18182.072265625,198.18461302324903,3.826530612244898
4,sad,1,2,2,16,F,dataset/Audios/Actor_16/03-01-04-01-02-02-16.wav,Mild_Stress,-42.70423126220703,20531.5546875,205.1735783080468,3.537735849056604
4,sad,2,1,1,16,F,dataset/Audios/Actor_16/03-01-04-02-01-01-16.wav,Mild_Stress,-41.50491714477539,17143.462890625,230.29955496661373,2.7573529411764706
4,sad,2,1,2,16,F,dataset/Audios/Actor_16/03-01-04-02-01-02-16.wav,Mild_Stress,-41.54520797729492,19066.3828125,257.013645291753,2.6408450704225355
4,sad,2,2,1,16,F,dataset/Audios/Actor_16/03-01-04-02-02-01-16.wav,Mild_Stress,-43.235015869140625,14996.369140625,266.0772119191614,3.125
4,sad,2,2,2,16,F,dataset/Audios/Actor_16/03-01-04-02-02-02-16.wav,Mild_Stress,-41.01446533203125,15325.6484375,260.0,2.840909090909091
5,angry,1,1,1,16,F,dataset/Audios/Actor_16/03-01-05-01-01-01-16.wav,Moderate_Stress,-29.224842071533203,9272.25390625,231.63366671648825,2.8846153846153846
5,angry,1,1,2,16,F,dataset/Audios/Actor_16/03-01-05-01-01-02-16.wav,Moderate_Stress,-29.60708999633789,9023.6904296875,245.41141529081617,2.8846153846153846
5,angry,1,2,1,16,F,dataset/Audios/Actor_16/03-01-05-01-02-01-16.wav,Moderate_Stress,-35.337520599365234,10219.5205078125,237.0478470251364,3.024193548387097
5,angry,1,2,2,16,F,dataset/Audios/Actor_16/03-01-05-01-02-02-16.wav,Moderate_Stress,-29.932497024536133,7706.5,232.97550689710764,3.024193548387097
5,angry,2,1,1,16,F,dataset/Audios/Actor_16/03-01-05-02-01-01-16.wav,Moderate_Stress,-27.58834457397461,6241.9130859375,288.48806273763967,3.024193548387097
5,angry,2,1,2,16,F,dataset/Audios/Actor_16/03-01-05-02-01-02-16.wav,Moderate_Stress,-29.68724822998047,4918.52001953125,323.816901813294,3.409090909090909
5,angry,2,2,1,16,F,dataset/Audios/Actor_16/03-01-05-02-02-01-16.wav,Moderate_Stress,-29.20170211791992,4752.94970703125,302.1520139664837,3.3482142857142856
5,angry,2,2,2,16,F,dataset/Audios/Actor_16/03-01-05-02-02-02-16.wav,Moderate_Stress,-30.84137535095215,7600.29931640625,282.7154983856679,2.798507462686567
6,fearful,1,1,1,16,F,dataset/Audios/Actor_16/03-01-06-01-01-01-16.wav,Moderate_Stress,-35.88481903076172,12268.6875,283.532010492967,3.6764705882352944
6,fearful,1,1,2,16,F,dataset/Audios/Actor_16/03-01-06-01-01-02-16.wav,Moderate_Stress,-34.62471008300781,13597.5458984375,251.14344552045984,3.826530612244898
6,fearful,1,2,1,16,F,dataset/Audios/Actor_16/03-01-06-01-02-01-16.wav,Moderate_Stress,-36.04156494140625,13699.705078125,245.40732129724032,3.537735849056604
6,fearful,1,2,2,16,F,dataset/Audios/Actor_16/03-01-06-01-02-02-16.wav,Moderate_Stress,-37.742820739746094,11300.53125,275.4604045334168,3.6764705882352944
6,fearful,2,1,1,16,F,dataset/Audios/Actor_16/03-01-06-02-01-01-16.wav,Moderate_Stress,-31.9338436126709,5150.11962890625,305.6424556337383,3.024193548387097
6,fearful,2,1,2,16,F,dataset/Audios/Actor_16/03-01-06-02-01-02-16.wav,Moderate_Stress,-30.698822021484375,5525.3779296875,278.66110025943624,2.9296875
6,fearful,2,2,1,16,F,dataset/Audios/Actor_16/03-01-06-02-02-01-16.wav,Moderate_Stress,-34.80839920043945,5836.19384765625,375.20636626865576,3.3482142857142856
6,fearful,2,2,2,16,F,dataset/Audios/Actor_16/03-01-06-02-02-02-16.wav,Moderate_Stress,-29.75438117980957,5205.869140625,382.8674351061366,3.3482142857142856
7,disgust,1,1,1,16,F,dataset/Audios/Actor_16/03-01-07-01-01-01-16.wav,Severe_Stress,-35.404598236083984,14778.4951171875,202.2328889009313,3.1779661016949152
7,disgust,1,1,2,16,F,dataset/Audios/Actor_16/03-01-07-01-01-02-16.wav,Severe_Stress,-35.41994094848633,13993.98046875,191.43371755306833,3.232758620689655
7,disgust,1,2,1,16,F,dataset/Audios/Actor_16/03-01-07-01-02-01-16.wav,Severe_Stress,-38.29124069213867,14756.7001953125,178.6139741695516,3.75
7,disgust,1,2,2,16,F,dataset/Audios/Actor_16/03-01-07-01-02-02-16.wav,Severe_Stress,-33.20193099975586,13257.953125,206.36557938038789,3.537735849056604
7,disgust,2,1,1,16,F,dataset/Audios/Actor_16/03-01-07-02-01-01-16.wav,Severe_Stress,-37.03560256958008,14562.603515625,193.6580702059513,2.568493150684932
7,disgust,2,1,2,16,F,dataset/Audios/Actor_16/03-01-07-02-01-02-16.wav,Severe_Stress,-33.90476989746094,13357.9228515625,205.1735783080468,2.604166666666667
7,disgust,2,2,1,16,F,dataset/Audios/Actor_16/03-01-07-02-02-01-16.wav,Severe_Stress,-36.29302215576172,13793.05078125,197.04644080747195,2.604166666666667
7,disgust,2,2,2,16,F,dataset/Audios/Actor_16/03-01-07-02-02-02-16.wav,Severe_Stress,-35.726932525634766,12496.560546875,230.3033969257434,2.7173913043478257
8,surprised,1,1,1,16,F,dataset/Audios/Actor_16/03-01-08-01-01-01-16.wav,Mild_Stress,-37.86674499511719,13042.33984375,285.17449472060275,3.75
8,surprised,1,1,2,16,F,dataset/Audios/Actor_16/03-01-08-01-01-02-16.wav,Mild_Stress,-37.15880584716797,10703.658203125,248.25881701670832,3.90625
8,surprised,1,2,1,16,F,dataset/Audios/Actor_16/03-01-08-01-02-01-16.wav,Mild_Stress,-36.86061096191406,10364.9033203125,263.0254423121702,3.826530612244898
8,surprised,1,2,2,16,F,dataset/Audios/Actor_16/03-01-08-01-02-02-16.wav,Mild_Stress,-36.2504768371582,8893.8525390625,239.838215512903,3.90625
8,surprised,2,1,1,16,F,dataset/Audios/Actor_16/03-01-08-02-01-01-16.wav,Mild_Stress,-37.446990966796875,11060.8251953125,348.06360640353864,3.6764705882352944
8,surprised,2,1,2,16,F,dataset/Audios/Actor_16/03-01-08-02-01-02-16.wav,Mild_Stress,-35.37508773803711,9434.427734375,280.2753675911423,3.605769230769231
8,surprised,2,2,1,16,F,dataset/Audios/Actor_16/03-01-08-02-02-01-16.wav,Mild_Stress,-34.13652801513672,7465.12548828125,309.37955988445367,3.605769230769231
8,surprised,2,2,2,16,F,dataset/Audios/Actor_16/03-01-08-02-02-02-16.wav,Mild_Stress,-37.15087127685547,9413.7021484375,255.5376185423285,3.605769230769231
1,neutral,1,1,1,17,M,dataset/Audios/Actor_17/03-01-01-01-01-01-17.wav,Healthy,-27.886232376098633,17832.4375,105.5928115263106,3.232758620689655
1,neutral,1,1,2,17,M,dataset/Audios/Actor_17/03-01-01-01-01-02-17.wav,Healthy,-25.985822677612305,16087.3896484375,108.0609264985624,3.98936170212766
1,neutral,1,2,1,17,M,dataset/Audios/Actor_17/03-01-01-01-02-01-17.wav,Healthy,-27.51889991760254,15570.6904296875,109.95163245329708,3.75
1,neutral,1,2,2,17,M,dataset/Audios/Actor_17/03-01-01-01-02-02-17.wav,Healthy,-26.817703247070312,15929.013671875,108.0609264985624,3.90625
2,calm,1,1,1,17,M,dataset/Audios/Actor_17/03-01-02-01-01-01-17.wav,Healthy,-27.94109344482422,16831.85546875,108.0771513413799,4.166666666666667
2,calm,1,1,2,17,M,dataset/Audios/Actor_17/03-01-02-01-01-02-17.wav,Healthy,-27.9052677154541,16453.146484375,130.0,3.98936170212766
2,calm,1,2,1,17,M,dataset/Audios/Actor_17/03-01-02-01-02-01-17.wav,Healthy,-27.427587509155273,15783.6455078125,124.84848285663055,3.605769230769231
2,calm,1,2,2,17,M,dataset/Audios/Actor_17/03-01-02-01-02-02-17.wav,Healthy,-27.427583694458008,16057.55078125,117.16256013940792,3.409090909090909
2,calm,2,1,1,17,M,dataset/Audios/Actor_17/03-01-02-02-01-01-17.wav,Healthy,-28.106409072875977,17247.779296875,120.59568520237023,3.232758620689655
2,calm,2,1,2,17,M,dataset/Audios/Actor_17/03-01-02-02-01-02-17.wav,Healthy,-28.636571884155273,19217.62109375,110.58673092361124,3.6764705882352944
2,calm,2,2,1,17,M,dataset/Audios/Actor_17/03-01-02-02-02-01-17.wav,Healthy,-27.869230270385746,16104.4384765625,123.4144757235675,3.3482142857142856
2,calm,2,2,2,17,M,dataset/Audios/Actor_17/03-01-02-02-02-02-17.wav,Healthy,-27.70989418029785,17920.419921875,108.68691707750624,3.90625
3,happy,1,1,1,17,M,dataset/Audios/Actor_17/03-01-03-01-01-01-17.wav,Healthy,-27.27275276184082,13349.59375,165.6928815515041,4.076086956521739
3,happy,1,1,2,17,M,dataset/Audios/Actor_17/03-01-03-01-01-02-17.wav,Healthy,-26.221954345703125,12537.1806640625,175.03995918164946,3.98936170212766
3,happy,1,2,1,17,M,dataset/Audios/Actor_17/03-01-03-01-02-01-17.wav,Healthy,-25.53220558166504,10145.763671875,159.12696062960518,4.261363636363637
3,happy,1,2,2,17,M,dataset/Audios/Actor_17/03-01-03-01-02-02-17.wav,Healthy,-25.99974250793457,11907.666015625,153.70651218352927,3.90625
3,happy,2,1,1,17,M,dataset/Audios/Actor_17/03-01-03-02-01-01-17.wav,Healthy,-22.34974670410156,6371.1171875,264.5447199466984,3.90625
3,happy,2,1,2,17,M,dataset/Audios/Actor_17/03-01-03-02-01-02-17.wav,Healthy,-21.3019962310791,4951.93505859375,278.66110025943624,3.3482142857142856
3,happy,2,2,1,17,M,dataset/Audios/Actor_17/03-01-03-02-02-01-17.wav,Healthy,-29.31354522705078,12102.6318359375,267.61858152730787,2.9296875
3,happy,2,2,2,17,M,dataset/Audios/Actor_17/03-01-03-02-02-02-17.wav,Healthy,-28.543899536132812,7391.90478515625,270.72815965904965,3.4722222222222223
4,sad,1,1,1,17,M,dataset/Audios/Actor_17/03-01-04-01-01-01-17.wav,Mild_Stress,-24.43429183959961,13427.7314453125,116.1561688113574,3.98936170212766
4,sad,1,1,2,17,M,dataset/Audios/Actor_17/03-01-04-01-01-02-17.wav,Mild_Stress,-24.302385330200195,12084.2421875,129.25125509628117,4.36046511627907
4,sad,1,2,1,17,M,dataset/Audios/Actor_17/03-01-04-01-02-01-17.wav,Mild_Stress,-27.03632354736328,15565.087890625,113.82716948276509,3.98936170212766
4,sad,1,2,2,17,M,dataset/Audios/Actor_17/03-01-04-01-02-02-17.wav,Mild_Stress,-25.195402145385746,12086.1669921875,124.85681403676811,3.98936170212766
4,sad,2,1,1,17,M,dataset/Audios/Actor_17/03-01-04-02-01-01-17.wav,Mild_Stress,-26.766809463500977,15322.453125,155.0602297076886,2.8846153846153846
4,sad,2,1,2,17,M,dataset/Audios/Actor_17/03-01-04-02-01-02-17.wav,Mild_Stress,-28.91619300842285,15630.94921875,137.33356847041853,2.9296875
4,sad,2,2,1,17,M,dataset/Audios/Actor_17/03-01-04-02-02-01-17.wav,Mild_Stress,-29.800453186035156,15821.9033203125,143.41324688128702,2.6785714285714284
4,sad,2,2,2,17,M,dataset/Audios/Actor_17/03-01-04-02-02-02-17.wav,Mild_Stress,-25.23824691772461,8783.736328125,140.13768379557115,4.36046511627907
5,angry,1,1,1,17,M,dataset/Audios/Actor_17/03-01-05-01-01-01-17.wav,Moderate_Stress,-25.14860725402832,16358.9345703125,102.5867891540234,4.166666666666667
5,angry,1,1,2,17,M,dataset/Audios/Actor_17/03-01-05-01-01-02-17.wav,Moderate_Stress,-24.32587623596191,13667.1748046875,107.74973392930497,3.75
5,angry,1,2,1,17,M,dataset/Audios/Actor_17/03-01-05-01-02-01-17.wav,Moderate_Stress,-23.515695571899418,9862.025390625,121.29428889978496,3.98936170212766
5,angry,1,2,2,17,M,dataset/Audios/Actor_17/03-01-05-01-02-02-17.wav,Moderate_Stress,-25.678564071655273,13565.427734375,109.95163245329708,3.98936170212766
5,angry,2,1,1,17,M,dataset/Audios/Actor_17/03-01-05-02-01-01-17.wav,Moderate_Stress,-16.884672164916992,5333.0234375,174.53442536143424,4.166666666666667
5,angry,2,1,2,17,M,dataset/Audios/Actor_17/03-01-05-02-01-02-17.wav,Moderate_Stress,-15.142555236816406,3456.517822265625,202.8169587634771,3.6764705882352944
5,angry,2,2,1,17,M,dataset/Audios/Actor_17/03-01-05-02-02-01-17.wav,Moderate_Stress,-18.42069435119629,4993.1484375,175.5454930018647,3.826530612244898
5,angry,2,2,2,17,M,dataset/Audios/Actor_17/03-01-05-02-02-02-17.wav,Moderate_Stress,-19.188926696777344,4662.4697265625,194.7799199939686,3.605769230769231
6,fearful,1,1,1,17,M,dataset/Audios/Actor_17/03-01-06-01-01-01-17.wav,Moderate_Stress,-21.87439346313477,11755.2509765625,141.85115364946284,4.076086956521739
6,fearful,1,1,2,17,M,dataset/Audios/Actor_17/03-01-06-01-01-02-17.wav,Moderate_Stress,-23.71400451660156,13665.072265625,167.68805176257524,3.1779661016949152
6,fearful,1,2,1,17,M,dataset/Audios/Actor_17/03-01-06-01-02-01-17.wav,Moderate_Stress,-32.36027145385742,20179.59765625,152.3862192440242,1.8564356435643563
6,fearful,1,2,2,17,M,dataset/Audios/Actor_17/03-01-06-01-02-02-17.wav,Moderate_Stress,-20.445383071899418,9957.267578125,278.7354833269829,3.232758620689655
6,fearful,2,1,1,17,M,dataset/Audios/Actor_17/03-01-06-02-01-01-17.wav,Moderate_Stress,-16.871509552001953,6965.998046875,302.13185260903833,3.605769230769231
6,fearful,2,1,2,17,M,dataset/Audios/Actor_17/03-01-06-02-01-02-17.wav,Moderate_Stress,-21.214025497436523,9623.525390625,293.5307452495941,3.232758620689655
6,fearful,2,2,1,17,M,dataset/Audios/Actor_17/03-01-06-02-02-01-17.wav,Moderate_Stress,-21.572097778320312,7385.4921875,281.50931006998104,3.537735849056604
6,fearful,2,2,2,17,M,dataset/Audios/Actor_17/03-01-06-02-02-02-17.wav,Moderate_Stress,-22.46140480041504,9324.529296875,264.4439897927866,3.125
7,disgust,1,1,1,17,M,dataset/Audios/Actor_17/03-01-07-01-01-01-17.wav,Severe_Stress,-26.16620826721191,13956.7490234375,131.51930297979038,3.605769230769231
7,disgust,1,1,2,17,M,dataset/Audios/Actor_17/03-01-07-01-01-02-17.wav,Severe_Stress,-24.740659713745117,15827.3408203125,152.38113506491553,3.605769230769231
7,disgust,1,2,1,17,M,dataset/Audios/Actor_17/03-01-07-01-02-01-17.wav,Severe_Stress,-25.605079650878903,13447.6142578125,121.29428889978496,3.98936170212766
7,disgust,1,2,2,17,M,dataset/Audios/Actor_17/03-01-07-01-02-02-17.wav,Severe_Stress,-28.16468811035156,16350.0380859375,116.48775344855382,3.409090909090909
7,disgust,2,1,1,17,M,dataset/Audios/Actor_17/03-01-07-02-01-01-17.wav,Severe_Stress,-27.072208404541016,12297.072265625,201.0681131707089,2.9296875
7,disgust,2,1,2,17,M,dataset/Audios/Actor_17/03-01-07-02-01-02-17.wav,Severe_Stress,-27.487138748168945,11964.5712890625,231.63366671648825,2.8846153846153846
7,disgust,2,2,1,17,M,dataset/Audios/Actor_17/03-01-07-02-02-01-17.wav,Severe_Stress,-30.998292922973633,16676.12890625,263.0210544784999,2.1551724137931036
7,disgust,2,2,2,17,M,dataset/Audios/Actor_17/03-01-07-02-02-02-17.wav,Severe_Stress,-29.858341217041016,13025.859375,217.46449836807352,2.6408450704225355
8,surprised,1,1,1,17,M,dataset/Audios/Actor_17/03-01-08-01-01-01-17.wav,Mild_Stress,-26.89263916015625,9150.521484375,255.55040744624995,4.573170731707317
8,surprised,1,1,2,17,M,dataset/Audios/Actor_17/03-01-08-01-01-02-17.wav,Mild_Stress,-26.67981719970703,15987.8642578125,181.73609144327253,3.1779661016949152
8,surprised,1,2,1,17,M,dataset/Audios/Actor_17/03-01-08-01-02-01-17.wav,Mild_Stress,-30.659141540527344,12308.935546875,242.58857779956992,3.409090909090909
8,surprised,1,2,2,17,M,dataset/Audios/Actor_17/03-01-08-01-02-02-17.wav,Mild_Stress,-25.385631561279297,12239.4404296875,183.84776310850236,3.98936170212766
8,surprised,2,1,1,17,M,dataset/Audios/Actor_17/03-01-08-02-01-01-17.wav,Mild_Stress,-23.425046920776367,10612.2060546875,225.73650840691812,3.0737704918032787
8,surprised,2,1,2,17,M,dataset/Audios/Actor_17/03-01-08-02-01-02-17.wav,Mild_Stress,-24.791162490844727,12657.87109375,238.4210512332145,2.604166666666667
8,surprised,2,2,1,17,M,dataset/Audios/Actor_17/03-01-08-02-02-01-17.wav,Mild_Stress,-20.61159324645996,6599.9677734375,260.0,3.75
8,surprised,2,2,2,17,M,dataset/Audios/Actor_17/03-01-08-02-02-02-17.wav,Mild_Stress,-24.74774169921875,10390.9228515625,263.0254423121702,2.840909090909091
1,neutral,1,1,1,18,F,dataset/Audios/Actor_18/03-01-01-01-01-01-18.wav,Healthy,-41.350982666015625,24656.4453125,175.5454930018647,3.537735849056604
1,neutral,1,1,2,18,F,dataset/Audios/Actor_18/03-01-01-01-01-02-18.wav,Healthy,-39.89930725097656,23242.650390625,176.56241769755178,3.4722222222222223
1,neutral,1,2,1,18,F,dataset/Audios/Actor_18/03-01-01-01-02-01-18.wav,Healthy,-41.68922805786133,24835.42578125,189.23807067009025,3.605769230769231
1,neutral,1,2,2,18,F,dataset/Audios/Actor_18/03-01-01-01-02-02-18.wav,Healthy,-40.84854888916016,23496.14453125,175.5454930018647,3.75
2,calm,1,1,1,18,F,dataset/Audios/Actor_18/03-01-02-01-01-01-18.wav,Healthy,-39.3694953918457,19894.037109375,206.9667637962623,3.605769230769231
2,calm,1,1,2,18,F,dataset/Audios/Actor_18/03-01-02-01-01-02-18.wav,Healthy,-39.354854583740234,20952.99609375,176.56536318996805,3.605769230769231
2,calm,1,2,1,18,F,dataset/Audios/Actor_18/03-01-02-01-02-01-18.wav,Healthy,-38.80678176879883,20900.177734375,183.84776310850236,3.232758620689655
2,calm,1,2,2,18,F,dataset/Audios/Actor_18/03-01-02-01-02-02-18.wav,Healthy,-38.39309310913086,20742.404296875,187.0613654014066,3.409090909090909
2,calm,2,1,1,18,F,dataset/Audios/Actor_18/03-01-02-02-01-01-18.wav,Healthy,-41.93076705932617,21778.822265625,199.33268480704808,3.3482142857142856
2,calm,2,1,2,18,F,dataset/Audios/Actor_18/03-01-02-02-01-02-18.wav,Healthy,-40.078826904296875,23428.892578125,175.0457993698281,3.1779661016949152
2,calm,2,2,1,18,F,dataset/Audios/Actor_18/03-01-02-02-02-01-18.wav,Healthy,-40.42066955566406,22433.03515625,190.3311404729313,3.232758620689655
2,calm,2,2,2,18,F,dataset/Audios/Actor_18/03-01-02-02-02-02-18.wav,Healthy,-40.022972106933594,20632.4609375,179.64867439581087,3.409090909090909
3,happy,1,1,1,18,F,dataset/Audios/Actor_18/03-01-03-01-01-01-18.wav,Healthy,-37.44291305541992,13036.59375,246.828951447135,3.90625
3,happy,1,1,2,18,F,dataset/Audios/Actor_18/03-01-03-01-01-02-18.wav,Healthy,-38.62591552734375,13631.669921875,272.296471933363,3.90625
3,happy,1,2,1,18,F,dataset/Audios/Actor_18/03-01-03-01-02-01-18.wav,Healthy,-40.107452392578125,16897.36328125,202.83049280553956,3.6764705882352944
3,happy,1,2,2,18,F,dataset/Audios/Actor_18/03-01-03-01-02-02-18.wav,Healthy,-40.99906539916992,15346.5009765625,249.6969657132611,3.605769230769231
3,happy,2,1,1,18,F,dataset/Audios/Actor_18/03-01-03-02-01-01-18.wav,Healthy,-32.855525970458984,5483.49072265625,254.06159179290393,3.6764705882352944
3,happy,2,1,2,18,F,dataset/Audios/Actor_18/03-01-03-02-01-02-18.wav,Healthy,-29.119937896728516,6056.80224609375,249.6969657132611,3.289473684210526
3,happy,2,2,1,18,F,dataset/Audios/Actor_18/03-01-03-02-02-01-18.wav,Healthy,-35.07252883911133,5612.67578125,236.36519945822255,3.537735849056604
3,happy,2,2,2,18,F,dataset/Audios/Actor_18/03-01-03-02-02-02-18.wav,Healthy,-34.25368881225586,5555.7216796875,243.99387913449723,3.4722222222222223
4,sad,1,1,1,18,F,dataset/Audios/Actor_18/03-01-04-01-01-01-18.wav,Mild_Stress,-39.02766799926758,15485.3671875,241.19137040474044,3.6764705882352944
4,sad,1,1,2,18,F,dataset/Audios/Actor_18/03-01-04-01-01-02-18.wav,Mild_Stress,-40.59916305541992,16520.189453125,235.68255189130872,3.3482142857142856
4,sad,1,2,1,18,F,dataset/Audios/Actor_18/03-01-04-01-02-01-18.wav,Mild_Stress,-42.04483413696289,21038.666015625,203.99526853576197,3.537735849056604
4,sad,1,2,2,18,F,dataset/Audios/Actor_18/03-01-04-01-02-02-18.wav,Mild_Stress,-41.18665313720703,19221.21484375,212.40900892134297,3.409090909090909
4,sad,2,1,1,18,F,dataset/Audios/Actor_18/03-01-04-02-01-01-18.wav,Mild_Stress,-41.23725509643555,10182.9892578125,272.296471933363,3.232758620689655
4,sad,2,1,2,18,F,dataset/Audios/Actor_18/03-01-04-02-01-02-18.wav,Mild_Stress,-40.89736557006836,8361.529296875,325.8285968743221,3.3482142857142856
4,sad,2,2,1,18,F,dataset/Audios/Actor_18/03-01-04-02-02-01-18.wav,Mild_Stress,-42.16482162475586,9820.75390625,327.579472972667,2.7573529411764706
4,sad,2,2,2,18,F,dataset/Audios/Actor_18/03-01-04-02-02-02-18.wav,Mild_Stress,-42.36359024047851,10902.6640625,326.63611350747016,2.6408450704225355
5,angry,1,1,1,18,F,dataset/Audios/Actor_18/03-01-05-01-01-01-18.wav,Moderate_Stress,-38.209354400634766,10953.3857421875,233.65031358796176,3.0737704918032787
5,angry,1,1,2,18,F,dataset/Audios/Actor_18/03-01-05-01-01-02-18.wav,Moderate_Stress,-35.0129280090332,11313.04296875,218.0034510604891,2.6785714285714284
5,angry,1,2,1,18,F,dataset/Audios/Actor_18/03-01-05-01-02-01-18.wav,Moderate_Stress,-36.63898468017578,9716.3759765625,267.61858152730787,3.6764705882352944
5,angry,1,2,2,18,F,dataset/Audios/Actor_18/03-01-05-01-02-02-18.wav,Moderate_Stress,-38.02893829345703,10739.2275390625,251.14344552045984,3.409090909090909
5,angry,2,1,1,18,F,dataset/Audios/Actor_18/03-01-05-02-01-01-18.wav,Moderate_Stress,-32.214115142822266,3676.9248046875,244.70060021586875,3.6764705882352944
5,angry,2,1,2,18,F,dataset/Audios/Actor_18/03-01-05-02-01-02-18.wav,Moderate_Stress,-28.499303817749023,3853.846923828125,272.296471933363,3.4722222222222223
5,angry,2,2,1,18,F,dataset/Audios/Actor_18/03-01-05-02-02-01-18.wav,Moderate_Stress,-32.909385681152344,4241.8369140625,260.0,3.232758620689655
5,angry,2,2,2,18,F,dataset/Audios/Actor_18/03-01-05-02-02-02-18.wav,Moderate_Stress,-31.998188018798828,4917.478515625,261.5061646776419,2.7173913043478257
6,fearful,1,1,1,18,F,dataset/Audios/Actor_18/03-01-06-01-01-01-18.wav,Moderate_Stress,-38.0757942199707,10708.470703125,298.66157229922914,3.98936170212766
6,fearful,1,1,2,18,F,dataset/Audios/Actor_18/03-01-06-01-01-02-18.wav,Moderate_Stress,-38.12937927246094,11325.05859375,286.82649376257405,3.98936170212766
6,fearful,1,2,1,18,F,dataset/Audios/Actor_18/03-01-06-01-02-01-18.wav,Moderate_Stress,-36.61224365234375,14676.412109375,251.14344552045984,3.4722222222222223
6,fearful,1,2,2,18,F,dataset/Audios/Actor_18/03-01-06-01-02-02-18.wav,Moderate_Stress,-36.40647506713867,14586.744140625,258.50251019256234,3.125
6,fearful,2,1,1,18,F,dataset/Audios/Actor_18/03-01-06-02-01-01-18.wav,Moderate_Stress,-35.241825103759766,6136.4794921875,365.57775582181085,3.4722222222222223
6,fearful,2,1,2,18,F,dataset/Audios/Actor_18/03-01-06-02-01-02-18.wav,Moderate_Stress,-36.07196807861328,9168.599609375,370.8967535822302,2.7573529411764706
6,fearful,2,2,1,18,F,dataset/Audios/Actor_18/03-01-06-02-02-01-18.wav,Moderate_Stress,-35.56980895996094,8475.1611328125,357.22794833910325,3.125
6,fearful,2,2,2,18,F,dataset/Audios/Actor_18/03-01-06-02-02-02-18.wav,Moderate_Stress,-38.3790397644043,7031.74853515625,369.8317343250859,3.537735849056604
7,disgust,1,1,1,18,F,dataset/Audios/Actor_18/03-01-07-01-01-01-18.wav,Severe_Stress,-38.24604415893555,18599.26953125,200.48740730303228,2.4671052631578947
7,disgust,1,1,2,18,F,dataset/Audios/Actor_18/03-01-07-01-01-02-18.wav,Severe_Stress,-36.9850959777832,13653.0263671875,219.8995964441766,2.840909090909091
7,disgust,1,2,1,18,F,dataset/Audios/Actor_18/03-01-07-01-02-01-18.wav,Severe_Stress,-36.99457931518555,11671.4248046875,203.99186545315516,3.3482142857142856
7,disgust,1,2,2,18,F,dataset/Audios/Actor_18/03-01-07-01-02-02-18.wav,Severe_Stress,-40.038055419921875,15318.18359375,238.4210512332145,2.435064935064935
7,disgust,2,1,1,18,F,dataset/Audios/Actor_18/03-01-07-02-01-01-18.wav,Severe_Stress,-41.593544006347656,12019.5458984375,367.6955262170047,2.1551724137931036
7,disgust,2,1,2,18,F,dataset/Audios/Actor_18/03-01-07-02-01-02-18.wav,Severe_Stress,-40.560733795166016,11781.5224609375,310.9901796410289,2.435064935064935
7,disgust,2,2,1,18,F,dataset/Audios/Actor_18/03-01-07-02-02-01-18.wav,Severe_Stress,-37.03847885131836,10772.3603515625,305.6424556337383,2.2865853658536586
7,disgust,2,2,2,18,F,dataset/Audios/Actor_18/03-01-07-02-02-02-18.wav,Severe_Stress,-38.935401916503906,9548.0537109375,295.23115155842805,2.373417721518987
8,surprised,1,1,1,18,F,dataset/Audios/Actor_18/03-01-08-01-01-01-18.wav,Mild_Stress,-41.89534378051758,16764.33984375,246.828951447135,3.537735849056604
8,surprised,1,1,2,18,F,dataset/Audios/Actor_18/03-01-08-01-01-02-18.wav,Mild_Stress,-38.40288543701172,16933.80859375,225.698856324528,3.6764705882352944
8,surprised,1,2,1,18,F,dataset/Audios/Actor_18/03-01-08-01-02-01-18.wav,Mild_Stress,-39.87862014770508,15290.4375,235.68255189130872,3.6764705882352944
8,surprised,1,2,2,18,F,dataset/Audios/Actor_18/03-01-08-01-02-02-18.wav,Mild_Stress,-38.74332427978515,17153.8125,237.0478470251364,3.605769230769231
8,surprised,2,1,1,18,F,dataset/Audios/Actor_18/03-01-08-02-01-01-18.wav,Mild_Stress,-32.23398208618164,11387.9453125,273.87386934825736,3.4722222222222223
8,surprised,2,1,2,18,F,dataset/Audios/Actor_18/03-01-08-02-01-02-18.wav,Mild_Stress,-34.8171272277832,11864.55078125,269.16888019875813,3.6764705882352944
8,surprised,2,2,1,18,F,dataset/Audios/Actor_18/03-01-08-02-02-01-18.wav,Mild_Stress,-36.54721450805664,11304.564453125,257.013645291753,3.0737704918032787
8,surprised,2,2,2,18,F,dataset/Audios/Actor_18/03-01-08-02-02-02-18.wav,Mild_Stress,-32.643917083740234,11055.671875,280.28004326890255,3.409090909090909
1,neutral,1,1,1,19,M,dataset/Audios/Actor_19/03-01-01-01-01-01-19.wav,Healthy,-34.22409439086914,21658.92578125,120.59568520237023,3.98936170212766
1,neutral,1,1,2,19,M,dataset/Audios/Actor_19/03-01-01-01-01-02-19.wav,Healthy,-34.367759704589844,21305.447265625,124.84848285663055,4.076086956521739
1,neutral,1,2,1,19,M,dataset/Audios/Actor_19/03-01-01-01-02-01-19.wav,Healthy,-34.70315170288086,21847.466796875,117.50191804253114,3.826530612244898
1,neutral,1,2,2,19,M,dataset/Audios/Actor_19/03-01-01-01-02-02-19.wav,Healthy,-35.69354248046875,19390.3671875,117.16451469710408,4.166666666666667
2,calm,1,1,1,19,M,dataset/Audios/Actor_19/03-01-02-01-01-01-19.wav,Healthy,-37.78361511230469,28043.123046875,114.4865635674993,3.125
2,calm,1,1,2,19,M,dataset/Audios/Actor_19/03-01-02-01-01-02-19.wav,Healthy,-37.56064987182617,27163.361328125,115.81683335824412,3.0737704918032787
2,calm,1,2,1,19,M,dataset/Audios/Actor_19/03-01-02-01-02-01-19.wav,Healthy,-35.49162673950195,24249.546875,117.16256013940792,3.826530612244898
2,calm,1,2,2,19,M,dataset/Audios/Actor_19/03-01-02-01-02-02-19.wav,Healthy,-35.19817352294922,25684.544921875,102.2913609403005,3.605769230769231
2,calm,2,1,1,19,M,dataset/Audios/Actor_19/03-01-02-02-01-01-19.wav,Healthy,-37.43556594848633,23387.564453125,153.70651218352927,2.205882352941176
2,calm,2,1,2,19,M,dataset/Audios/Actor_19/03-01-02-02-01-02-19.wav,Healthy,-33.638824462890625,21691.9453125,131.13180478903544,2.6785714285714284
2,calm,2,2,1,19,M,dataset/Audios/Actor_19/03-01-02-02-02-01-19.wav,Healthy,-34.34029769897461,24868.85546875,100.24370365151614,2.259036144578313
2,calm,2,2,2,19,M,dataset/Audios/Actor_19/03-01-02-02-02-02-19.wav,Healthy,-35.62761688232422,23465.5390625,119.21052561660726,2.533783783783784
3,happy,1,1,1,19,M,dataset/Audios/Actor_19/03-01-03-01-01-01-19.wav,Healthy,-38.986629486083984,26411.90625,149.76331837150502,2.1637216011539846
3,happy,1,1,2,19,M,dataset/Audios/Actor_19/03-01-03-01-01-02-19.wav,Healthy,-33.010337829589844,18328.537109375,170.5508987349998,2.6408450704225355
3,happy,1,2,1,19,M,dataset/Audios/Actor_19/03-01-03-01-02-01-19.wav,Healthy,-36.31007385253906,25126.5390625,209.9692833680109,3.024193548387097
3,happy,1,2,2,19,M,dataset/Audios/Actor_19/03-01-03-01-02-02-19.wav,Healthy,-37.951026916503906,24434.201171875,162.84637702113662,2.604166666666667
3,happy,2,1,1,19,M,dataset/Audios/Actor_19/03-01-03-02-01-01-19.wav,Healthy,-29.66219139099121,12720.521484375,161.90845090664698,3.232758620689655
3,happy,2,1,2,19,M,dataset/Audios/Actor_19/03-01-03-02-01-02-19.wav,Healthy,-37.34709930419922,13479.923828125,272.296471933363,2.314814814814815
3,happy,2,2,1,19,M,dataset/Audios/Actor_19/03-01-03-02-02-01-19.wav,Healthy,-35.156742095947266,16474.828125,258.50251019256234,1.6947058096633538
3,happy,2,2,2,19,M,dataset/Audios/Actor_19/03-01-03-02-02-02-19.wav,Healthy,-30.45756149291992,14821.0556640625,167.13543537342002,2.798507462686567
4,sad,1,1,1,19,M,dataset/Audios/Actor_19/03-01-04-01-01-01-19.wav,Mild_Stress,-34.12742233276367,22417.3828125,115.81683335824412,3.6764705882352944
4,sad,1,1,2,19,M,dataset/Audios/Actor_19/03-01-04-01-01-02-19.wav,Mild_Stress,-36.304630279541016,24645.748046875,111.2273533387383,3.1779661016949152
4,sad,1,2,1,19,M,dataset/Audios/Actor_19/03-01-04-01-02-01-19.wav,Mild_Stress,-32.75923156738281,21955.818359375,107.12914112810012,4.166666666666667
4,sad,1,2,2,19,M,dataset/Audios/Actor_19/03-01-04-01-02-02-19.wav,Mild_Stress,-33.34727478027344,24536.896484375,99.09230651162451,3.1779661016949152
4,sad,2,1,1,19,M,dataset/Audios/Actor_19/03-01-04-02-01-01-19.wav,Mild_Stress,-29.822547912597656,14139.96875,296.94140822080067,2.4671052631578947
4,sad,2,1,2,19,M,dataset/Audios/Actor_19/03-01-04-02-01-02-19.wav,Mild_Stress,-40.26509475708008,27404.083984375,225.0395058615972,2.1306818181818183
4,sad,2,2,1,19,M,dataset/Audios/Actor_19/03-01-04-02-02-01-19.wav,Mild_Stress,-36.494327545166016,16993.837890625,159.58786718222217,3.826530612244898
4,sad,2,2,2,19,M,dataset/Audios/Actor_19/03-01-04-02-02-02-19.wav,Mild_Stress,-35.77312469482422,20673.994140625,177.0738255378116,2.533783783783784
5,angry,1,1,1,19,M,dataset/Audios/Actor_19/03-01-05-01-01-01-19.wav,Moderate_Stress,-26.660606384277344,10047.91015625,250.42020561686047,3.1779661016949152
5,angry,1,1,2,19,M,dataset/Audios/Actor_19/03-01-05-01-01-02-19.wav,Moderate_Stress,-25.66362571716309,11865.087890625,140.9494931391844,3.3482142857142856
5,angry,1,2,1,19,M,dataset/Audios/Actor_19/03-01-05-01-02-01-19.wav,Moderate_Stress,-29.72566032409668,15180.1015625,119.9011051661721,4.166666666666667
5,angry,1,2,2,19,M,dataset/Audios/Actor_19/03-01-05-01-02-02-19.wav,Moderate_Stress,-32.2351188659668,18929.884765625,193.6580702059513,2.2865853658536586
5,angry,2,1,1,19,M,dataset/Audios/Actor_19/03-01-05-02-01-01-19.wav,Moderate_Stress,-22.713787078857425,3801.55615234375,332.41214609066003,3.0737704918032787
5,angry,2,1,2,19,M,dataset/Audios/Actor_19/03-01-05-02-01-02-19.wav,Moderate_Stress,-24.833206176757812,3136.94677734375,337.17828420926253,2.1306818181818183
5,angry,2,2,1,19,M,dataset/Audios/Actor_19/03-01-05-02-02-01-19.wav,Moderate_Stress,-23.464366912841797,2528.0087890625,349.06885072286843,2.4671052631578947
5,angry,2,2,2,19,M,dataset/Audios/Actor_19/03-01-05-02-02-02-19.wav,Moderate_Stress,-26.51550674438477,4820.45068359375,300.391701186791,2.7173913043478257
6,fearful,1,1,1,19,M,dataset/Audios/Actor_19/03-01-06-01-01-01-19.wav,Moderate_Stress,-35.608341217041016,14512.6591796875,168.10364110088827,3.024193548387097
6,fearful,1,1,2,19,M,dataset/Audios/Actor_19/03-01-06-01-01-02-19.wav,Moderate_Stress,-37.75865173339844,22542.59765625,205.1735783080468,2.6408450704225355
6,fearful,1,2,1,19,M,dataset/Audios/Actor_19/03-01-06-01-02-01-19.wav,Moderate_Stress,-39.37435150146485,18101.044921875,232.97550689710764,2.6408450704225355
6,fearful,1,2,2,19,M,dataset/Audios/Actor_19/03-01-06-01-02-02-19.wav,Moderate_Stress,-33.341548919677734,16685.67578125,161.90845090664698,3.537735849056604
6,fearful,2,1,1,19,M,dataset/Audios/Actor_19/03-01-06-02-01-01-19.wav,Moderate_Stress,-36.62968063354492,8440.859375,298.66157229922914,3.0737704918032787
6,fearful,2,1,2,19,M,dataset/Audios/Actor_19/03-01-06-02-01-02-19.wav,Moderate_Stress,-32.69303894042969,6396.66015625,321.95185369813447,2.435064935064935
6,fearful,2,2,1,19,M,dataset/Audios/Actor_19/03-01-06-02-02-01-19.wav,Moderate_Stress,-32.366790771484375,6144.53759765625,333.31102164864933,3.537735849056604
6,fearful,2,2,2,19,M,dataset/Audios/Actor_19/03-01-06-02-02-02-19.wav,Moderate_Stress,-33.85919189453125,11706.8984375,365.57775582181085,1.953125
7,disgust,1,1,1,19,M,dataset/Audios/Actor_19/03-01-07-01-01-01-19.wav,Severe_Stress,-38.22907257080078,23907.185546875,230.29955496661373,1.8382352941176472
7,disgust,1,1,2,19,M,dataset/Audios/Actor_19/03-01-07-01-01-02-19.wav,Severe_Stress,-35.6255989074707,17397.64453125,184.38027273707448,1.99468085106383
7,disgust,1,2,1,19,M,dataset/Audios/Actor_19/03-01-07-01-02-01-19.wav,Severe_Stress,-37.36007308959961,22632.19140625,212.40900892134297,1.8028846153846152
7,disgust,1,2,2,19,M,dataset/Audios/Actor_19/03-01-07-01-02-02-19.wav,Severe_Stress,-41.94901657104492,22762.296875,137.7302022667084,2.180232558139535
7,disgust,2,1,1,19,M,dataset/Audios/Actor_19/03-01-07-02-01-01-19.wav,Severe_Stress,-35.39825439453125,13697.1435546875,226.34314645699223,2.0604395604395607
7,disgust,2,1,2,19,M,dataset/Audios/Actor_19/03-01-07-02-01-02-19.wav,Severe_Stress,-36.83238220214844,13165.3056640625,270.72815965904965,1.4124501596362942
7,disgust,2,2,1,19,M,dataset/Audios/Actor_19/03-01-07-02-02-01-19.wav,Severe_Stress,-33.51169967651367,6735.76416015625,291.8401325604369,1.99468085106383
7,disgust,2,2,2,19,M,dataset/Audios/Actor_19/03-01-07-02-02-02-19.wav,Severe_Stress,-26.11435890197754,9893.2548828125,252.59830469993753,1.953125
8,surprised,1,1,1,19,M,dataset/Audios/Actor_19/03-01-08-01-01-01-19.wav,Mild_Stress,-33.09733581542969,18361.814453125,146.76537262479707,3.0737704918032787
8,surprised,1,1,2,19,M,dataset/Audios/Actor_19/03-01-08-01-01-02-19.wav,Mild_Stress,-36.49541091918945,21504.091796875,137.7302022667084,2.9296875
8,surprised,1,2,1,19,M,dataset/Audios/Actor_19/03-01-08-01-02-01-19.wav,Mild_Stress,-36.42280197143555,24123.001953125,112.5197529307986,2.1551724137931036
8,surprised,1,2,2,19,M,dataset/Audios/Actor_19/03-01-08-01-02-02-19.wav,Mild_Stress,-32.375144958496094,20796.607421875,341.187156011129,5.0675675675675675
8,surprised,2,1,1,19,M,dataset/Audios/Actor_19/03-01-08-02-01-01-19.wav,Mild_Stress,-33.26315689086914,13679.48828125,161.44757537798787,2.604166666666667
8,surprised,2,1,2,19,M,dataset/Audios/Actor_19/03-01-08-02-01-02-19.wav,Mild_Stress,-33.257652282714844,14416.369140625,155.49249582586248,2.180232558139535
8,surprised,2,2,1,19,M,dataset/Audios/Actor_19/03-01-08-02-02-01-19.wav,Mild_Stress,-34.27899169921875,20700.01953125,225.0395058615972,2.7573529411764706
8,surprised,2,2,2,19,M,dataset/Audios/Actor_19/03-01-08-02-02-02-19.wav,Mild_Stress,-31.584136962890625,16289.447265625,225.0395058615972,4.076086956521739
1,neutral,1,1,1,20,F,dataset/Audios/Actor_20/03-01-01-01-01-01-20.wav,Healthy,-46.00556945800781,19567.896484375,220.53652914569955,3.75
1,neutral,1,1,2,20,F,dataset/Audios/Actor_20/03-01-01-01-01-02-20.wav,Healthy,-44.84154510498047,17868.095703125,255.5333556217653,3.537735849056604
1,neutral,1,2,1,20,F,dataset/Audios/Actor_20/03-01-01-01-02-01-20.wav,Healthy,-44.164085388183594,18721.146484375,251.14763520659932,3.90625
1,neutral,1,2,2,20,F,dataset/Audios/Actor_20/03-01-01-01-02-02-20.wav,Healthy,-45.29533004760742,18267.697265625,257.013645291753,3.6764705882352944
2,calm,1,1,1,20,F,dataset/Audios/Actor_20/03-01-02-01-01-01-20.wav,Healthy,-50.120174407958984,24167.56640625,203.99186545315516,3.409090909090909
2,calm,1,1,2,20,F,dataset/Audios/Actor_20/03-01-02-01-01-02-20.wav,Healthy,-51.7915153503418,24445.943359375,206.36213675586595,3.75
2,calm,1,2,1,20,F,dataset/Audios/Actor_20/03-01-02-01-02-01-20.wav,Healthy,-49.63835144042969,25824.021484375,202.8169587634771,4.076086956521739
2,calm,1,2,2,20,F,dataset/Audios/Actor_20/03-01-02-01-02-02-20.wav,Healthy,-47.54547500610352,24194.826171875,200.48740730303228,3.6764705882352944
2,calm,2,1,1,20,F,dataset/Audios/Actor_20/03-01-02-02-01-01-20.wav,Healthy,-50.01496124267578,27644.177734375,200.48740730303228,3.232758620689655
2,calm,2,1,2,20,F,dataset/Audios/Actor_20/03-01-02-02-01-02-20.wav,Healthy,-51.78705596923828,30004.927734375,195.34409429283173,2.840909090909091
2,calm,2,2,1,20,F,dataset/Audios/Actor_20/03-01-02-02-02-01-20.wav,Healthy,-49.47172927856445,28796.28515625,205.1735783080468,3.232758620689655
2,calm,2,2,2,20,F,dataset/Audios/Actor_20/03-01-02-02-02-02-20.wav,Healthy,-52.792911529541016,29098.751953125,200.48740730303228,3.537735849056604
3,happy,1,1,1,20,F,dataset/Audios/Actor_20/03-01-03-01-01-01-20.wav,Healthy,-40.054500579833984,10750.697265625,263.0210544784999,3.75
3,happy,1,1,2,20,F,dataset/Audios/Actor_20/03-01-03-01-01-02-20.wav,Healthy,-43.03081130981445,13493.1923828125,286.8312787291212,3.409090909090909
3,happy,1,2,1,20,F,dataset/Audios/Actor_20/03-01-03-01-02-01-20.wav,Healthy,-40.25315475463867,15530.146484375,231.63366671648825,3.537735849056604
3,happy,1,2,2,20,F,dataset/Audios/Actor_20/03-01-03-01-02-02-20.wav,Healthy,-47.43470001220703,15022.05078125,257.013645291753,4.076086956521739
3,happy,2,1,1,20,F,dataset/Audios/Actor_20/03-01-03-02-01-01-20.wav,Healthy,-44.39714431762695,8180.24267578125,331.4355191257679,3.409090909090909
3,happy,2,1,2,20,F,dataset/Audios/Actor_20/03-01-03-02-01-02-20.wav,Healthy,-39.91122055053711,9706.1923828125,228.31373305026435,2.205882352941176
3,happy,2,2,1,20,F,dataset/Audios/Actor_20/03-01-03-02-02-01-20.wav,Healthy,-37.94620895385742,6533.84521484375,349.06885072286843,3.75
3,happy,2,2,2,20,F,dataset/Audios/Actor_20/03-01-03-02-02-02-20.wav,Healthy,-32.951480865478516,6866.033203125,320.0975474696782,3.1779661016949152
4,sad,1,1,1,20,F,dataset/Audios/Actor_20/03-01-04-01-01-01-20.wav,Mild_Stress,-49.89192581176758,24720.82421875,202.8169587634771,2.840909090909091
4,sad,1,1,2,20,F,dataset/Audios/Actor_20/03-01-04-01-01-02-20.wav,Mild_Stress,-51.254859924316406,31599.29296875,193.6580702059513,3.826530612244898
4,sad,1,2,1,20,F,dataset/Audios/Actor_20/03-01-04-01-02-01-20.wav,Mild_Stress,-46.88531875610352,25802.59765625,197.04315364635175,3.75
4,sad,1,2,2,20,F,dataset/Audios/Actor_20/03-01-04-01-02-02-20.wav,Mild_Stress,-47.80558395385742,28259.5625,105.89865799349106,3.826530612244898
4,sad,2,1,1,20,F,dataset/Audios/Actor_20/03-01-04-02-01-01-20.wav,Mild_Stress,-48.90290451049805,21946.451171875,235.0038360850623,3.232758620689655
4,sad,2,1,2,20,F,dataset/Audios/Actor_20/03-01-04-02-01-02-20.wav,Mild_Stress,-45.21827697753906,15521.9443359375,290.9996948221475,1.713520749665328
4,sad,2,2,1,20,F,dataset/Audios/Actor_20/03-01-04-02-02-01-20.wav,Mild_Stress,-49.99715805053711,22064.52734375,285.17449472060275,3.409090909090909
4,sad,2,2,2,20,F,dataset/Audios/Actor_20/03-01-04-02-02-02-20.wav,Mild_Stress,-46.521881103515625,12999.3173828125,264.5447199466984,2.435064935064935
5,angry,1,1,1,20,F,dataset/Audios/Actor_20/03-01-05-01-01-01-20.wav,Moderate_Stress,-44.41954040527344,19254.423828125,200.48740730303228,4.573170731707317
5,angry,1,1,2,20,F,dataset/Audios/Actor_20/03-01-05-01-01-02-20.wav,Moderate_Stress,-40.36940002441406,10691.23046875,351.09098600372937,3.4722222222222223
5,angry,1,2,1,20,F,dataset/Audios/Actor_20/03-01-05-01-02-01-20.wav,Moderate_Stress,-42.083831787109375,13742.494140625,214.87708272009507,3.826530612244898
5,angry,1,2,2,20,F,dataset/Audios/Actor_20/03-01-05-01-02-02-20.wav,Moderate_Stress,-43.86491394042969,13176.333984375,281.8989862783688,2.314814814814815
5,angry,2,1,1,20,F,dataset/Audios/Actor_20/03-01-05-02-01-01-20.wav,Moderate_Stress,-28.223989486694336,7160.8251953125,252.59830469993753,2.7573529411764706
5,angry,2,1,2,20,F,dataset/Audios/Actor_20/03-01-05-02-01-02-20.wav,Moderate_Stress,-29.407386779785156,4243.00390625,367.6955262170047,2.840909090909091
5,angry,2,2,1,20,F,dataset/Audios/Actor_20/03-01-05-02-02-01-20.wav,Moderate_Stress,-27.738754272460938,3801.59033203125,223.74337368352585,2.568493150684932
5,angry,2,2,2,20,F,dataset/Audios/Actor_20/03-01-05-02-02-02-20.wav,Moderate_Stress,-32.17435073852539,6182.3271484375,387.3419861447631,3.90625
6,fearful,1,1,1,20,F,dataset/Audios/Actor_20/03-01-06-01-01-01-20.wav,Moderate_Stress,-51.478248596191406,24999.75,266.0772119191614,3.409090909090909
6,fearful,1,1,2,20,F,dataset/Audios/Actor_20/03-01-06-01-01-02-20.wav,Moderate_Stress,-54.0872917175293,27956.2109375,268.393730863033,2.5
6,fearful,1,2,1,20,F,dataset/Audios/Actor_20/03-01-06-01-02-01-20.wav,Moderate_Stress,-52.13590621948242,28905.013671875,254.79747370733463,3.024193548387097
6,fearful,1,2,2,20,F,dataset/Audios/Actor_20/03-01-06-01-02-02-20.wav,Moderate_Stress,-50.02764129638672,23860.9140625,231.63366671648825,3.98936170212766
6,fearful,2,1,1,20,F,dataset/Audios/Actor_20/03-01-06-02-01-01-20.wav,Moderate_Stress,-26.97669982910156,4752.67919921875,227.65433896553017,2.840909090909091
6,fearful,2,1,2,20,F,dataset/Audios/Actor_20/03-01-06-02-01-02-20.wav,Moderate_Stress,-27.587934494018555,4222.8134765625,321.05683379831345,2.9296875
6,fearful,2,2,1,20,F,dataset/Audios/Actor_20/03-01-06-02-02-01-20.wav,Moderate_Stress,-29.520174026489254,3313.6181640625,249.6969657132611,3.3482142857142856
6,fearful,2,2,2,20,F,dataset/Audios/Actor_20/03-01-06-02-02-02-20.wav,Moderate_Stress,-25.567407608032227,4517.552734375,332.34561220119883,3.409090909090909
7,disgust,1,1,1,20,F,dataset/Audios/Actor_20/03-01-07-01-01-01-20.wav,Severe_Stress,-42.81021881103515,15695.6279296875,243.2912284670336,3.024193548387097
7,disgust,1,1,2,20,F,dataset/Audios/Actor_20/03-01-07-01-01-02-20.wav,Severe_Stress,-42.03633117675781,21060.8125,199.33268480704808,2.7573529411764706
7,disgust,1,2,1,20,F,dataset/Audios/Actor_20/03-01-07-01-02-01-20.wav,Severe_Stress,-44.29915618896485,19683.234375,219.8995964441766,3.289473684210526
7,disgust,1,2,2,20,F,dataset/Audios/Actor_20/03-01-07-01-02-02-20.wav,Severe_Stress,-47.78921127319336,20616.513671875,217.37383415501247,2.798507462686567
7,disgust,2,1,1,20,F,dataset/Audios/Actor_20/03-01-07-02-01-01-20.wav,Severe_Stress,-41.53584289550781,17246.703125,310.08942077621623,2.7573529411764706
7,disgust,2,1,2,20,F,dataset/Audios/Actor_20/03-01-07-02-01-02-20.wav,Severe_Stress,-42.98235702514648,16874.04296875,280.2753675911423,2.840909090909091
7,disgust,2,2,1,20,F,dataset/Audios/Actor_20/03-01-07-02-02-01-20.wav,Severe_Stress,-47.455936431884766,16058.263671875,295.23115155842805,2.1551724137931036
7,disgust,2,2,2,20,F,dataset/Audios/Actor_20/03-01-07-02-02-02-20.wav,Severe_Stress,-42.44049072265625,12736.96875,326.63611350747016,2.5
8,surprised,1,1,1,20,F,dataset/Audios/Actor_20/03-01-08-01-01-01-20.wav,Mild_Stress,-44.97554397583008,14160.8212890625,290.17861950608403,4.464285714285714
8,surprised,1,1,2,20,F,dataset/Audios/Actor_20/03-01-08-01-01-02-20.wav,Mild_Stress,-38.75362777709961,10738.4921875,331.3912914270129,3.6764705882352944
8,surprised,1,2,1,20,F,dataset/Audios/Actor_20/03-01-08-01-02-01-20.wav,Mild_Stress,-44.26910781860352,15263.0146484375,205.1735783080468,4.8076923076923075
8,surprised,1,2,2,20,F,dataset/Audios/Actor_20/03-01-08-01-02-02-20.wav,Mild_Stress,-42.95649719238281,14359.7138671875,196.4757111190233,4.6875
8,surprised,2,1,1,20,F,dataset/Audios/Actor_20/03-01-08-02-01-01-20.wav,Mild_Stress,-35.75450897216797,7569.06689453125,241.19137040474044,3.3482142857142856
8,surprised,2,1,2,20,F,dataset/Audios/Actor_20/03-01-08-02-01-02-20.wav,Mild_Stress,-45.81675720214844,12931.7568359375,293.1249901620567,4.573170731707317
8,surprised,2,2,1,20,F,dataset/Audios/Actor_20/03-01-08-02-02-01-20.wav,Mild_Stress,-38.77424621582031,9773.525390625,288.48806273763967,2.7173913043478257
8,surprised,2,2,2,20,F,dataset/Audios/Actor_20/03-01-08-02-02-02-20.wav,Mild_Stress,-41.09360885620117,11346.369140625,290.159257083858,3.90625
1,neutral,1,1,1,21,M,dataset/Audios/Actor_21/03-01-01-01-01-01-21.wav,Healthy,-27.8435115814209,15596.640625,99.66634240352404,3.1779661016949152
1,neutral,1,1,2,21,M,dataset/Audios/Actor_21/03-01-01-01-01-02-21.wav,Healthy,-28.461936950683594,17878.30078125,96.82903510297564,2.9296875
1,neutral,1,2,1,21,M,dataset/Audios/Actor_21/03-01-01-01-02-01-21.wav,Healthy,-26.003355026245117,14680.240234375,96.55018800080116,3.4722222222222223
1,neutral,1,2,2,21,M,dataset/Audios/Actor_21/03-01-01-01-02-02-21.wav,Healthy,-27.22204971313477,15736.484375,93.80159156716394,3.4722222222222223
2,calm,1,1,1,21,M,dataset/Audios/Actor_21/03-01-02-01-01-01-21.wav,Healthy,-28.344257354736328,19133.07421875,90.86804572163626,2.8846153846153846
2,calm,1,1,2,21,M,dataset/Audios/Actor_21/03-01-02-01-01-02-21.wav,Healthy,-27.69469833374023,17574.07421875,93.53068270070332,2.7573529411764706
2,calm,1,2,1,21,M,dataset/Audios/Actor_21/03-01-02-01-02-01-21.wav,Healthy,-25.889692306518555,18083.529296875,90.86804572163626,3.232758620689655
2,calm,1,2,2,21,M,dataset/Audios/Actor_21/03-01-02-01-02-02-21.wav,Healthy,-28.846338272094727,19306.6875,93.53068270070332,2.7173913043478257
2,calm,2,1,1,21,M,dataset/Audios/Actor_21/03-01-02-02-01-01-21.wav,Healthy,-27.800209045410156,18016.779296875,92.4563911828233,2.7173913043478257
2,calm,2,1,2,21,M,dataset/Audios/Actor_21/03-01-02-02-01-02-21.wav,Healthy,-30.43990898132324,18967.38671875,91.65916025485194,2.4038461538461537
2,calm,2,2,1,21,M,dataset/Audios/Actor_21/03-01-02-02-02-01-21.wav,Healthy,-28.500635147094727,16744.267578125,93.80159156716394,2.7173913043478257
2,calm,2,2,2,21,M,dataset/Audios/Actor_21/03-01-02-02-02-02-21.wav,Healthy,-28.57048988342285,17760.232421875,91.92388155425118,2.798507462686567
3,happy,1,1,1,21,M,dataset/Audios/Actor_21/03-01-03-01-01-01-21.wav,Healthy,-27.53643035888672,13767.2734375,108.68691707750624,3.125
3,happy,1,1,2,21,M,dataset/Audios/Actor_21/03-01-03-01-01-02-21.wav,Healthy,-25.30512809753418,12395.94140625,117.84127594565436,3.289473684210526
3,happy,1,2,1,21,M,dataset/Audios/Actor_21/03-01-03-01-02-01-21.wav,Healthy,-25.94500732421875,11259.7412109375,106.2045044606715,3.409090909090909
3,happy,1,2,2,21,M,dataset/Audios/Actor_21/03-01-03-01-02-02-21.wav,Healthy,-28.175661087036133,13296.8681640625,117.16256013940792,3.1779661016949152
3,happy,2,1,1,21,M,dataset/Audios/Actor_21/03-01-03-02-01-01-21.wav,Healthy,-25.258934020996097,7562.80908203125,141.37189850550257,3.1779661016949152
3,happy,2,1,2,21,M,dataset/Audios/Actor_21/03-01-03-02-01-02-21.wav,Healthy,-27.072105407714844,9049.38671875,241.19137040474044,2.9761904761904763
3,happy,2,2,1,21,M,dataset/Audios/Actor_21/03-01-03-02-02-01-21.wav,Healthy,-25.621105194091797,8562.72265625,155.94287525826883,3.4722222222222223
3,happy,2,2,2,21,M,dataset/Audios/Actor_21/03-01-03-02-02-02-21.wav,Healthy,-25.918046951293945,7014.35302734375,195.91153682016017,3.289473684210526
4,sad,1,1,1,21,M,dataset/Audios/Actor_21/03-01-04-01-01-01-21.wav,Mild_Stress,-33.24169921875,21329.0390625,107.13271547961696,2.34375
4,sad,1,1,2,21,M,dataset/Audios/Actor_21/03-01-04-01-01-02-21.wav,Mild_Stress,-33.537899017333984,22213.537109375,92.9919856082918,2.106741573033708
4,sad,1,2,1,21,M,dataset/Audios/Actor_21/03-01-04-01-02-01-21.wav,Mild_Stress,-29.616785049438477,17264.173828125,92.19013636853724,2.6785714285714284
4,sad,1,2,2,21,M,dataset/Audios/Actor_21/03-01-04-01-02-02-21.wav,Mild_Stress,-31.083492279052734,18067.34375,100.82440951919276,2.568493150684932
4,sad,2,1,1,21,M,dataset/Audios/Actor_21/03-01-04-02-01-01-21.wav,Mild_Stress,-29.912281036376953,10335.998046875,146.76537262479707,2.6408450704225355
4,sad,2,1,2,21,M,dataset/Audios/Actor_21/03-01-04-02-01-02-21.wav,Mild_Stress,-32.42873764038086,12260.3212890625,180.16902148765735,2.4671052631578947
4,sad,2,2,1,21,M,dataset/Audios/Actor_21/03-01-04-02-02-01-21.wav,Mild_Stress,-31.216150283813477,13259.251953125,136.93693467412865,2.533783783783784
4,sad,2,2,2,21,M,dataset/Audios/Actor_21/03-01-04-02-02-02-21.wav,Mild_Stress,-30.00700569152832,13507.419921875,149.33078614961454,2.6785714285714284
5,angry,1,1,1,21,M,dataset/Audios/Actor_21/03-01-05-01-01-01-21.wav,Moderate_Stress,-23.25351905822754,7269.66748046875,158.22101421275715,2.7173913043478257
5,angry,1,1,2,21,M,dataset/Audios/Actor_21/03-01-05-01-01-02-21.wav,Moderate_Stress,-22.80807304382324,7476.6474609375,150.6359142312882,2.840909090909091
5,angry,1,2,1,21,M,dataset/Audios/Actor_21/03-01-05-01-02-01-21.wav,Moderate_Stress,-23.29820251464844,6779.9052734375,160.04877373483913,2.840909090909091
5,angry,1,2,2,21,M,dataset/Audios/Actor_21/03-01-05-01-02-02-21.wav,Moderate_Stress,-22.88316535949707,7010.76806640625,139.33287450363704,2.9761904761904763
5,angry,2,1,1,21,M,dataset/Audios/Actor_21/03-01-05-02-01-01-21.wav,Moderate_Stress,-19.28432273864746,4754.33740234375,216.1218529971248,2.533783783783784
5,angry,2,1,2,21,M,dataset/Audios/Actor_21/03-01-05-02-01-02-21.wav,Moderate_Stress,-20.970176696777344,4818.66796875,237.0478470251364,2.4038461538461537
5,angry,2,2,1,21,M,dataset/Audios/Actor_21/03-01-05-02-02-01-21.wav,Moderate_Stress,-23.30035400390625,5688.669921875,195.90826859169485,2.798507462686567
5,angry,2,2,2,21,M,dataset/Audios/Actor_21/03-01-05-02-02-02-21.wav,Moderate_Stress,-22.39252471923828,5088.09228515625,227.65433896553017,2.6785714285714284
6,fearful,1,1,1,21,M,dataset/Audios/Actor_21/03-01-06-01-01-01-21.wav,Moderate_Stress,-28.855812072753903,15022.421875,106.51212267841213,2.9761904761904763
6,fearful,1,1,2,21,M,dataset/Audios/Actor_21/03-01-06-01-01-02-21.wav,Moderate_Stress,-29.479204177856445,14212.3310546875,136.93921911669494,3.024193548387097
6,fearful,1,2,1,21,M,dataset/Audios/Actor_21/03-01-06-01-02-01-21.wav,Moderate_Stress,-30.160171508789062,15770.5361328125,113.4993713556306,2.604166666666667
6,fearful,1,2,2,21,M,dataset/Audios/Actor_21/03-01-06-01-02-02-21.wav,Moderate_Stress,-31.495529174804688,17775.556640625,111.5495200902506,2.7173913043478257
6,fearful,2,1,1,21,M,dataset/Audios/Actor_21/03-01-06-02-01-01-21.wav,Moderate_Stress,-26.956546783447266,9945.5634765625,155.49249582586248,2.9761904761904763
6,fearful,2,1,2,21,M,dataset/Audios/Actor_21/03-01-06-02-01-02-21.wav,Moderate_Stress,-27.41316032409668,9331.724609375,167.13543537342002,3.125
6,fearful,2,2,1,21,M,dataset/Audios/Actor_21/03-01-06-02-02-01-21.wav,Moderate_Stress,-24.625070571899418,8389.802734375,140.9494931391844,3.232758620689655
6,fearful,2,2,2,21,M,dataset/Audios/Actor_21/03-01-06-02-02-02-21.wav,Moderate_Stress,-25.477075576782227,9246.0107421875,143.8334379511152,3.4722222222222223
7,disgust,1,1,1,21,M,dataset/Audios/Actor_21/03-01-07-01-01-01-21.wav,Severe_Stress,-26.58199119567871,12681.7470703125,92.4563911828233,2.9296875
7,disgust,1,1,2,21,M,dataset/Audios/Actor_21/03-01-07-01-01-02-21.wav,Severe_Stress,-25.62798309326172,11877.005859375,88.79409796677584,2.7573529411764706
7,disgust,1,2,1,21,M,dataset/Audios/Actor_21/03-01-07-01-02-01-21.wav,Severe_Stress,-26.38934898376465,11664.58984375,89.04980188690575,3.3482142857142856
7,disgust,1,2,2,21,M,dataset/Audios/Actor_21/03-01-07-01-02-02-21.wav,Severe_Stress,-26.185808181762695,10508.052734375,88.7926166890357,3.4722222222222223
7,disgust,2,1,1,21,M,dataset/Audios/Actor_21/03-01-07-02-01-01-21.wav,Severe_Stress,-26.98380470275879,13953.029296875,197.6138833348004,2.7573529411764706
7,disgust,2,1,2,21,M,dataset/Audios/Actor_21/03-01-07-02-01-02-21.wav,Severe_Stress,-26.31571388244629,13952.2705078125,85.76801420023813,2.798507462686567
7,disgust,2,2,1,21,M,dataset/Audios/Actor_21/03-01-07-02-02-01-21.wav,Severe_Stress,-28.327564239501953,14301.703125,88.79409796677584,2.568493150684932
7,disgust,2,2,2,21,M,dataset/Audios/Actor_21/03-01-07-02-02-02-21.wav,Severe_Stress,-24.36494827270508,13090.6103515625,87.26721268071712,2.9296875
8,surprised,1,1,1,21,M,dataset/Audios/Actor_21/03-01-08-01-01-01-21.wav,Mild_Stress,-26.20065116882324,9500.1220703125,225.0395058615972,3.826530612244898
8,surprised,1,1,2,21,M,dataset/Audios/Actor_21/03-01-08-01-01-02-21.wav,Mild_Stress,-27.12347984313965,10167.51171875,280.2753675911423,3.826530612244898
8,surprised,1,2,1,21,M,dataset/Audios/Actor_21/03-01-08-01-02-01-21.wav,Mild_Stress,-28.37627410888672,9190.4892578125,225.0395058615972,3.98936170212766
8,surprised,1,2,2,21,M,dataset/Audios/Actor_21/03-01-08-01-02-02-21.wav,Mild_Stress,-26.853084564208984,9708.896484375,391.81653718338976,3.605769230769231
8,surprised,2,1,1,21,M,dataset/Audios/Actor_21/03-01-08-02-01-01-21.wav,Mild_Stress,-27.338884353637695,8126.16015625,269.16888019875813,3.4722222222222223
8,surprised,2,1,2,21,M,dataset/Audios/Actor_21/03-01-08-02-01-02-21.wav,Mild_Stress,-27.32877540588379,7795.37646484375,225.0395058615972,3.4722222222222223
8,surprised,2,2,1,21,M,dataset/Audios/Actor_21/03-01-08-02-02-01-21.wav,Mild_Stress,-26.787946701049805,8780.642578125,225.0395058615972,3.90625
8,surprised,2,2,2,21,M,dataset/Audios/Actor_21/03-01-08-02-02-02-21.wav,Mild_Stress,-27.171253204345703,8408.013671875,225.0395058615972,3.6764705882352944
1,neutral,1,1,1,22,F,dataset/Audios/Actor_22/03-01-01-01-01-01-22.wav,Healthy,-42.045162200927734,19794.19921875,185.99638198787576,3.409090909090909
1,neutral,1,1,2,22,F,dataset/Audios/Actor_22/03-01-01-01-01-02-22.wav,Healthy,-42.86800003051758,18375.755859375,194.2837992882662,3.75
1,neutral,1,2,1,22,F,dataset/Audios/Actor_22/03-01-01-01-02-01-22.wav,Healthy,-42.39411544799805,18803.076171875,198.18461302324903,3.4722222222222223
1,neutral,1,2,2,22,F,dataset/Audios/Actor_22/03-01-01-01-02-02-22.wav,Healthy,-41.99799728393555,19239.1953125,198.18461302324903,3.537735849056604
2,calm,1,1,1,22,F,dataset/Audios/Actor_22/03-01-02-01-01-01-22.wav,Healthy,-43.3475227355957,21434.337890625,178.6139741695516,3.537735849056604
2,calm,1,1,2,22,F,dataset/Audios/Actor_22/03-01-02-01-01-02-22.wav,Healthy,-42.10564804077149,21883.798828125,185.98397121658357,3.537735849056604
2,calm,1,2,1,22,F,dataset/Audios/Actor_22/03-01-02-01-02-01-22.wav,Healthy,-42.811859130859375,19556.1953125,197.04644080747195,3.4722222222222223
2,calm,1,2,2,22,F,dataset/Audios/Actor_22/03-01-02-01-02-02-22.wav,Healthy,-41.75455093383789,19605.986328125,174.53442536143424,3.537735849056604
2,calm,2,1,1,22,F,dataset/Audios/Actor_22/03-01-02-02-01-01-22.wav,Healthy,-42.33509063720703,20906.345703125,168.58914210463126,3.1779661016949152
2,calm,2,1,2,22,F,dataset/Audios/Actor_22/03-01-02-02-01-02-22.wav,Healthy,-41.9659309387207,20108.259765625,176.56536318996805,3.0737704918032787
2,calm,2,2,1,22,F,dataset/Audios/Actor_22/03-01-02-02-02-01-22.wav,Healthy,-45.787559509277344,23667.2890625,191.43371755306833,2.604166666666667
2,calm,2,2,2,22,F,dataset/Audios/Actor_22/03-01-02-02-02-02-22.wav,Healthy,-45.236083984375,23126.654296875,190.3311404729313,2.5
3,happy,1,1,1,22,F,dataset/Audios/Actor_22/03-01-03-01-01-01-22.wav,Healthy,-41.62464141845703,18592.07421875,198.18461302324903,3.0737704918032787
3,happy,1,1,2,22,F,dataset/Audios/Actor_22/03-01-03-01-01-02-22.wav,Healthy,-42.26847839355469,14863.880859375,225.0395058615972,3.90625
3,happy,1,2,1,22,F,dataset/Audios/Actor_22/03-01-03-01-02-01-22.wav,Healthy,-41.333003997802734,14162.0576171875,222.45470667747657,3.75
3,happy,1,2,2,22,F,dataset/Audios/Actor_22/03-01-03-01-02-02-22.wav,Healthy,-40.61330032348633,15190.97265625,174.53442536143424,3.75
3,happy,2,1,1,22,F,dataset/Audios/Actor_22/03-01-03-02-01-01-22.wav,Healthy,-39.379844665527344,7376.18701171875,319.4739584665639,3.409090909090909
3,happy,2,1,2,22,F,dataset/Audios/Actor_22/03-01-03-02-01-02-22.wav,Healthy,-36.42717361450195,8285.689453125,298.66655470379584,3.1779661016949152
3,happy,2,2,1,22,F,dataset/Audios/Actor_22/03-01-03-02-02-01-22.wav,Healthy,-36.88007736206055,7500.560546875,329.4826180378376,3.409090909090909
3,happy,2,2,2,22,F,dataset/Audios/Actor_22/03-01-03-02-02-02-22.wav,Healthy,-39.60386276245117,8996.287109375,286.0004942415884,2.9761904761904763
4,sad,1,1,1,22,F,dataset/Audios/Actor_22/03-01-04-01-01-01-22.wav,Mild_Stress,-41.2923698425293,17704.142578125,183.84776310850236,3.4722222222222223
4,sad,1,1,2,22,F,dataset/Audios/Actor_22/03-01-04-01-01-02-22.wav,Mild_Stress,-42.75806427001953,16984.74609375,192.54268179725335,3.289473684210526
4,sad,1,2,1,22,F,dataset/Audios/Actor_22/03-01-04-01-02-01-22.wav,Mild_Stress,-43.551246643066406,16957.951171875,199.91671603081727,3.289473684210526
4,sad,1,2,2,22,F,dataset/Audios/Actor_22/03-01-04-01-02-02-22.wav,Mild_Stress,-41.87660598754883,15676.8916015625,201.0748217852626,3.3482142857142856
4,sad,2,1,1,22,F,dataset/Audios/Actor_22/03-01-04-02-01-01-22.wav,Mild_Stress,-41.51234436035156,15955.37109375,202.8169587634771,3.289473684210526
4,sad,2,1,2,22,F,dataset/Audios/Actor_22/03-01-04-02-01-02-22.wav,Mild_Stress,-42.191070556640625,15028.2099609375,214.25828225620023,3.409090909090909
4,sad,2,2,1,22,F,dataset/Audios/Actor_22/03-01-04-02-02-01-22.wav,Mild_Stress,-42.81017303466797,15504.955078125,211.1856230526212,3.289473684210526
4,sad,2,2,2,22,F,dataset/Audios/Actor_22/03-01-04-02-02-02-22.wav,Mild_Stress,-41.303001403808594,14850.2333984375,208.76343191036997,3.0737704918032787
5,angry,1,1,1,22,F,dataset/Audios/Actor_22/03-01-05-01-01-01-22.wav,Moderate_Stress,-37.050926208496094,13866.02734375,191.98819967516084,3.3482142857142856
5,angry,1,1,2,22,F,dataset/Audios/Actor_22/03-01-05-01-01-02-22.wav,Moderate_Stress,-37.76127243041992,15120.607421875,193.6580702059513,3.289473684210526
5,angry,1,2,1,22,F,dataset/Audios/Actor_22/03-01-05-01-02-01-22.wav,Moderate_Stress,-39.06067657470703,12942.0654296875,197.6138833348004,3.0737704918032787
5,angry,1,2,2,22,F,dataset/Audios/Actor_22/03-01-05-01-02-02-22.wav,Moderate_Stress,-39.37540817260742,12703.30078125,199.33268480704808,2.840909090909091
5,angry,2,1,1,22,F,dataset/Audios/Actor_22/03-01-05-02-01-01-22.wav,Moderate_Stress,-33.389869689941406,6852.0166015625,255.5333556217653,3.1779661016949152
5,angry,2,1,2,22,F,dataset/Audios/Actor_22/03-01-05-02-01-02-22.wav,Moderate_Stress,-34.35110855102539,7784.16650390625,266.0772119191614,3.1779661016949152
5,angry,2,2,1,22,F,dataset/Audios/Actor_22/03-01-05-02-02-01-22.wav,Moderate_Stress,-34.10197067260742,6224.52294921875,264.5447199466984,2.7573529411764706
5,angry,2,2,2,22,F,dataset/Audios/Actor_22/03-01-05-02-02-02-22.wav,Moderate_Stress,-35.329261779785156,5914.41259765625,270.72815965904965,2.7173913043478257
6,fearful,1,1,1,22,F,dataset/Audios/Actor_22/03-01-06-01-01-01-22.wav,Moderate_Stress,-40.60143280029297,11814.8916015625,217.37383415501247,3.537735849056604
6,fearful,1,1,2,22,F,dataset/Audios/Actor_22/03-01-06-01-01-02-22.wav,Moderate_Stress,-39.232757568359375,11281.84765625,218.63306796596575,3.4722222222222223
6,fearful,1,2,1,22,F,dataset/Audios/Actor_22/03-01-06-01-02-01-22.wav,Moderate_Stress,-41.005226135253906,11887.3125,218.63306796596575,3.232758620689655
6,fearful,1,2,2,22,F,dataset/Audios/Actor_22/03-01-06-01-02-02-22.wav,Moderate_Stress,-39.288726806640625,11166.04296875,222.45470667747657,3.605769230769231
6,fearful,2,1,1,22,F,dataset/Audios/Actor_22/03-01-06-02-01-01-22.wav,Moderate_Stress,-41.53478240966797,7341.27001953125,327.579472972667,3.6764705882352944
6,fearful,2,1,2,22,F,dataset/Audios/Actor_22/03-01-06-02-01-02-22.wav,Moderate_Stress,-40.79683303833008,7336.4638671875,321.02470058390634,3.6764705882352944
6,fearful,2,2,1,22,F,dataset/Audios/Actor_22/03-01-06-02-02-01-22.wav,Moderate_Stress,-41.20645904541016,6446.25439453125,312.7865093813503,3.4722222222222223
6,fearful,2,2,2,22,F,dataset/Audios/Actor_22/03-01-06-02-02-02-22.wav,Moderate_Stress,-42.10888671875,6683.6796875,343.0720568009525,3.537735849056604
7,disgust,1,1,1,22,F,dataset/Audios/Actor_22/03-01-07-01-01-01-22.wav,Severe_Stress,-39.83488845825195,13261.0380859375,175.5454930018647,3.3482142857142856
7,disgust,1,1,2,22,F,dataset/Audios/Actor_22/03-01-07-01-01-02-22.wav,Severe_Stress,-41.39273452758789,15444.51171875,175.5454930018647,3.024193548387097
7,disgust,1,2,1,22,F,dataset/Audios/Actor_22/03-01-07-01-02-01-22.wav,Severe_Stress,-39.91909408569336,14150.642578125,177.5852333780714,3.1779661016949152
7,disgust,1,2,2,22,F,dataset/Audios/Actor_22/03-01-07-01-02-02-22.wav,Severe_Stress,-38.43636322021485,13431.56640625,177.5852333780714,3.1779661016949152
7,disgust,2,1,1,22,F,dataset/Audios/Actor_22/03-01-07-02-01-01-22.wav,Severe_Stress,-39.764408111572266,12429.5341796875,197.04315364635175,2.568493150684932
7,disgust,2,1,2,22,F,dataset/Audios/Actor_22/03-01-07-02-01-02-22.wav,Severe_Stress,-38.682708740234375,12829.54296875,190.8824290129998,2.7573529411764706
7,disgust,2,2,1,22,F,dataset/Audios/Actor_22/03-01-07-02-02-01-22.wav,Severe_Stress,-41.567604064941406,13070.451171875,211.1856230526212,2.6408450704225355
7,disgust,2,2,2,22,F,dataset/Audios/Actor_22/03-01-07-02-02-02-22.wav,Severe_Stress,-41.94381332397461,15126.982421875,209.3646163262444,2.232142857142857
8,surprised,1,1,1,22,F,dataset/Audios/Actor_22/03-01-08-01-01-01-22.wav,Mild_Stress,-38.80852508544922,11466.291015625,237.0478470251364,3.6764705882352944
8,surprised,1,1,2,22,F,dataset/Audios/Actor_22/03-01-08-01-01-02-22.wav,Mild_Stress,-41.377384185791016,10657.845703125,267.61858152730787,3.537735849056604
8,surprised,1,2,1,22,F,dataset/Audios/Actor_22/03-01-08-01-02-01-22.wav,Mild_Stress,-40.24039077758789,10501.1826171875,213.63948179230545,3.826530612244898
8,surprised,1,2,2,22,F,dataset/Audios/Actor_22/03-01-08-01-02-02-22.wav,Mild_Stress,-39.2486686706543,9652.2568359375,221.17346184722248,3.537735849056604
8,surprised,2,1,1,22,F,dataset/Audios/Actor_22/03-01-08-02-01-01-22.wav,Mild_Stress,-38.63334655761719,9126.6640625,264.5447199466984,3.605769230769231
8,surprised,2,1,2,22,F,dataset/Audios/Actor_22/03-01-08-02-01-02-22.wav,Mild_Stress,-36.96885681152344,8401.8623046875,248.5239235125682,3.3482142857142856
8,surprised,2,2,1,22,F,dataset/Audios/Actor_22/03-01-08-02-02-01-22.wav,Mild_Stress,-38.63951110839844,7867.650390625,255.5333556217653,3.3482142857142856
8,surprised,2,2,2,22,F,dataset/Audios/Actor_22/03-01-08-02-02-02-22.wav,Mild_Stress,-40.12275314331055,8154.31884765625,300.391701186791,3.537735849056604
1,neutral,1,1,1,23,M,dataset/Audios/Actor_23/03-01-01-01-01-01-23.wav,Healthy,-33.98178482055664,16988.74609375,138.12913373920566,3.1779661016949152
1,neutral,1,1,2,23,M,dataset/Audios/Actor_23/03-01-01-01-01-02-23.wav,Healthy,-31.119449615478516,15755.2548828125,157.301855733926,3.289473684210526
1,neutral,1,2,1,23,M,dataset/Audios/Actor_23/03-01-01-01-02-01-23.wav,Healthy,-32.760772705078125,14745.853515625,156.8462431445916,3.4722222222222223
1,neutral,1,2,2,23,M,dataset/Audios/Actor_23/03-01-01-01-02-02-23.wav,Healthy,-33.09507751464844,16143.53125,159.13757922378767,3.1779661016949152
2,calm,1,1,1,23,M,dataset/Audios/Actor_23/03-01-02-01-01-01-23.wav,Healthy,-35.112674713134766,23007.52734375,123.4144757235675,2.8846153846153846
2,calm,1,1,2,23,M,dataset/Audios/Actor_23/03-01-02-01-01-02-23.wav,Healthy,-37.63203811645508,23570.0,124.48894568249236,2.798507462686567
2,calm,1,2,1,23,M,dataset/Audios/Actor_23/03-01-02-01-02-01-23.wav,Healthy,-37.1625862121582,22507.904296875,136.14823596668148,2.6408450704225355
2,calm,1,2,2,23,M,dataset/Audios/Actor_23/03-01-02-01-02-02-23.wav,Healthy,-36.29659652709961,21448.017578125,124.84848285663055,2.840909090909091
2,calm,2,1,1,23,M,dataset/Audios/Actor_23/03-01-02-02-01-01-23.wav,Healthy,-37.49479675292969,22762.474609375,138.13374240192337,2.180232558139535
2,calm,2,1,2,23,M,dataset/Audios/Actor_23/03-01-02-02-01-02-23.wav,Healthy,-38.814456939697266,25979.689453125,138.52806521170294,2.1551724137931036
2,calm,2,2,1,23,M,dataset/Audios/Actor_23/03-01-02-02-02-01-23.wav,Healthy,-36.77250671386719,23217.130859375,126.66497412321036,2.6408450704225355
2,calm,2,2,2,23,M,dataset/Audios/Actor_23/03-01-02-02-02-02-23.wav,Healthy,-37.89211654663086,23691.123046875,129.25125509628117,2.259036144578313
3,happy,1,1,1,23,M,dataset/Audios/Actor_23/03-01-03-01-01-01-23.wav,Healthy,-35.203426361083984,12378.7998046875,226.34314645699223,4.261363636363637
3,happy,1,1,2,23,M,dataset/Audios/Actor_23/03-01-03-01-01-02-23.wav,Healthy,-32.03199005126953,9237.9599609375,230.48783608978337,4.573170731707317
3,happy,1,2,1,23,M,dataset/Audios/Actor_23/03-01-03-01-02-01-23.wav,Healthy,-33.763179779052734,11083.5029296875,195.90826859169485,4.464285714285714
3,happy,1,2,2,23,M,dataset/Audios/Actor_23/03-01-03-01-02-02-23.wav,Healthy,-31.0197696685791,10233.9130859375,178.61695388694113,4.464285714285714
3,happy,2,1,1,23,M,dataset/Audios/Actor_23/03-01-03-02-01-01-23.wav,Healthy,-31.831724166870117,5774.29931640625,288.48806273763967,4.8076923076923075
3,happy,2,1,2,23,M,dataset/Audios/Actor_23/03-01-03-02-01-02-23.wav,Healthy,-32.692466735839844,5819.0771484375,290.159257083858,4.8076923076923075
3,happy,2,2,1,23,M,dataset/Audios/Actor_23/03-01-03-02-02-01-23.wav,Healthy,-33.169822692871094,6085.7744140625,286.82649376257405,4.8076923076923075
3,happy,2,2,2,23,M,dataset/Audios/Actor_23/03-01-03-02-02-02-23.wav,Healthy,-31.865110397338867,6917.7734375,257.0179329071638,4.6875
4,sad,1,1,1,23,M,dataset/Audios/Actor_23/03-01-04-01-01-01-23.wav,Mild_Stress,-34.538970947265625,18837.40625,120.59568520237023,3.4722222222222223
4,sad,1,1,2,23,M,dataset/Audios/Actor_23/03-01-04-01-01-02-23.wav,Mild_Stress,-34.87501525878906,20723.84765625,118.5239235125682,3.024193548387097
4,sad,1,2,1,23,M,dataset/Audios/Actor_23/03-01-04-01-02-01-23.wav,Mild_Stress,-33.42997360229492,16023.349609375,136.14823596668148,3.605769230769231
4,sad,1,2,2,23,M,dataset/Audios/Actor_23/03-01-04-01-02-02-23.wav,Mild_Stress,-32.512474060058594,14895.166015625,127.76667781088264,3.4722222222222223
4,sad,2,1,1,23,M,dataset/Audios/Actor_23/03-01-04-02-01-01-23.wav,Mild_Stress,-38.46062850952149,20861.52734375,189.78935921015875,1.99468085106383
4,sad,2,1,2,23,M,dataset/Audios/Actor_23/03-01-04-02-01-02-23.wav,Mild_Stress,-40.111270904541016,22861.701171875,169.56576906952336,1.9736842105263157
4,sad,2,2,1,23,M,dataset/Audios/Actor_23/03-01-04-02-02-01-23.wav,Mild_Stress,-38.51839828491211,18649.314453125,172.5297265040139,2.9296875
4,sad,2,2,2,23,M,dataset/Audios/Actor_23/03-01-04-02-02-02-23.wav,Mild_Stress,-36.97330474853515,21906.6484375,170.5508987349998,1.8028846153846152
5,angry,1,1,1,23,M,dataset/Audios/Actor_23/03-01-05-01-01-01-23.wav,Moderate_Stress,-28.327533721923828,6899.7041015625,227.65433896553017,4.6875
5,angry,1,1,2,23,M,dataset/Audios/Actor_23/03-01-05-01-01-02-23.wav,Moderate_Stress,-28.734119415283203,7459.681640625,222.45841776537415,4.36046511627907
5,angry,1,2,1,23,M,dataset/Audios/Actor_23/03-01-05-01-02-01-23.wav,Moderate_Stress,-29.0358943939209,7726.88623046875,225.0395058615972,4.464285714285714
5,angry,1,2,2,23,M,dataset/Audios/Actor_23/03-01-05-01-02-02-23.wav,Moderate_Stress,-30.69040298461914,7382.22314453125,241.19539406595703,4.36046511627907
5,angry,2,1,1,23,M,dataset/Audios/Actor_23/03-01-05-02-01-01-23.wav,Moderate_Stress,-26.50522232055664,4416.57470703125,306.5277400003984,4.166666666666667
5,angry,2,1,2,23,M,dataset/Audios/Actor_23/03-01-05-02-01-02-23.wav,Moderate_Stress,-27.725950241088867,3748.67333984375,320.0975474696782,4.573170731707317
5,angry,2,2,1,23,M,dataset/Audios/Actor_23/03-01-05-02-02-01-23.wav,Moderate_Stress,-27.85429954528809,3417.578369140625,340.1478666011591,4.8076923076923075
5,angry,2,2,2,23,M,dataset/Audios/Actor_23/03-01-05-02-02-02-23.wav,Moderate_Stress,-29.73684310913086,4059.504150390625,294.5282896732633,4.573170731707317
6,fearful,1,1,1,23,M,dataset/Audios/Actor_23/03-01-06-01-01-01-23.wav,Moderate_Stress,-28.720151901245117,11761.0556640625,148.4707041104003,3.98936170212766
6,fearful,1,1,2,23,M,dataset/Audios/Actor_23/03-01-06-01-01-02-23.wav,Moderate_Stress,-31.43633079528809,15205.3642578125,146.76537262479707,4.573170731707317
6,fearful,1,2,1,23,M,dataset/Audios/Actor_23/03-01-06-01-02-01-23.wav,Moderate_Stress,-32.46109390258789,14018.21875,144.66182995537443,4.8076923076923075
6,fearful,1,2,2,23,M,dataset/Audios/Actor_23/03-01-06-01-02-02-23.wav,Moderate_Stress,-32.83704376220703,13607.3115234375,148.4707041104003,4.934210526315789
6,fearful,2,1,1,23,M,dataset/Audios/Actor_23/03-01-06-02-01-01-23.wav,Moderate_Stress,-32.569862365722656,9669.439453125,187.07384806756548,3.6764705882352944
6,fearful,2,1,2,23,M,dataset/Audios/Actor_23/03-01-06-02-01-02-23.wav,Moderate_Stress,-31.005512237548828,9466.9306640625,192.54268179725335,3.98936170212766
6,fearful,2,2,1,23,M,dataset/Audios/Actor_23/03-01-06-02-02-01-23.wav,Moderate_Stress,-29.205062866210938,6253.21533203125,195.90826859169485,3.90625
6,fearful,2,2,2,23,M,dataset/Audios/Actor_23/03-01-06-02-02-02-23.wav,Moderate_Stress,-29.19624900817871,8237.876953125,179.64867439581087,3.75
7,disgust,1,1,1,23,M,dataset/Audios/Actor_23/03-01-07-01-01-01-23.wav,Severe_Stress,-29.53081321716309,14280.6796875,129.25125509628117,3.605769230769231
7,disgust,1,1,2,23,M,dataset/Audios/Actor_23/03-01-07-01-01-02-23.wav,Severe_Stress,-31.022615432739254,14940.3828125,132.27456659941532,3.605769230769231
7,disgust,1,2,1,23,M,dataset/Audios/Actor_23/03-01-07-01-02-01-23.wav,Severe_Stress,-32.572906494140625,16120.9375,132.2723599733492,3.90625
7,disgust,1,2,2,23,M,dataset/Audios/Actor_23/03-01-07-01-02-02-23.wav,Severe_Stress,-32.69124984741211,14762.96484375,136.54258532040507,4.166666666666667
7,disgust,2,1,1,23,M,dataset/Audios/Actor_23/03-01-07-02-01-01-23.wav,Severe_Stress,-32.490943908691406,15553.2548828125,121.29428889978496,2.798507462686567
7,disgust,2,1,2,23,M,dataset/Audios/Actor_23/03-01-07-02-01-02-23.wav,Severe_Stress,-30.89360809326172,13578.6923828125,170.54805357686834,3.0737704918032787
7,disgust,2,2,1,23,M,dataset/Audios/Actor_23/03-01-07-02-02-01-23.wav,Severe_Stress,-30.17534065246582,12567.1513671875,197.6138833348004,3.289473684210526
7,disgust,2,2,2,23,M,dataset/Audios/Actor_23/03-01-07-02-02-02-23.wav,Severe_Stress,-31.55577850341797,12907.4638671875,163.7897364863335,3.1779661016949152
8,surprised,1,1,1,23,M,dataset/Audios/Actor_23/03-01-08-01-01-01-23.wav,Mild_Stress,-29.574935913085938,7871.0732421875,235.69827906516107,4.573170731707317
8,surprised,1,1,2,23,M,dataset/Audios/Actor_23/03-01-08-01-01-02-23.wav,Mild_Stress,-30.364501953125,8614.841796875,232.97550689710764,4.573170731707317
8,surprised,1,2,1,23,M,dataset/Audios/Actor_23/03-01-08-01-02-01-23.wav,Mild_Stress,-28.09705924987793,7241.353515625,225.0395058615972,4.573170731707317
8,surprised,1,2,2,23,M,dataset/Audios/Actor_23/03-01-08-01-02-02-23.wav,Mild_Stress,-31.442983627319336,7171.97119140625,213.63948179230545,4.573170731707317
8,surprised,2,1,1,23,M,dataset/Audios/Actor_23/03-01-08-02-01-01-23.wav,Mild_Stress,-31.81801986694336,7527.91064453125,307.4950821919035,3.90625
8,surprised,2,1,2,23,M,dataset/Audios/Actor_23/03-01-08-02-01-02-23.wav,Mild_Stress,-31.04990577697754,6515.84521484375,277.05613042340593,4.261363636363637
8,surprised,2,2,1,23,M,dataset/Audios/Actor_23/03-01-08-02-02-01-23.wav,Mild_Stress,-32.51190185546875,5606.0576171875,303.88715412138833,4.464285714285714
8,surprised,2,2,2,23,M,dataset/Audios/Actor_23/03-01-08-02-02-02-23.wav,Mild_Stress,-31.921546936035156,6585.5927734375,281.8989862783688,4.464285714285714
1,neutral,1,1,1,24,F,dataset/Audios/Actor_24/03-01-01-01-01-01-24.wav,Healthy,-48.44347381591797,19907.966796875,221.17346184722248,3.3482142857142856
1,neutral,1,1,2,24,F,dataset/Audios/Actor_24/03-01-01-01-01-02-24.wav,Healthy,-48.67977523803711,18364.84765625,224.3989265672344,3.409090909090909
1,neutral,1,2,1,24,F,dataset/Audios/Actor_24/03-01-01-01-02-01-24.wav,Healthy,-45.083980560302734,17964.55078125,234.3251202788159,3.4722222222222223
1,neutral,1,2,2,24,F,dataset/Audios/Actor_24/03-01-01-01-02-02-24.wav,Healthy,-45.90658950805664,17922.5546875,228.9731271349986,3.537735849056604
2,calm,1,1,1,24,F,dataset/Audios/Actor_24/03-01-02-01-01-01-24.wav,Healthy,-50.951133728027344,22609.177734375,210.5774532103161,3.537735849056604
2,calm,1,1,2,24,F,dataset/Audios/Actor_24/03-01-02-01-01-02-24.wav,Healthy,-48.042964935302734,22437.353515625,221.17346184722248,3.605769230769231
2,calm,1,2,1,24,F,dataset/Audios/Actor_24/03-01-02-01-02-01-24.wav,Healthy,-46.770484924316406,23333.00390625,212.40900892134297,2.9761904761904763
2,calm,1,2,2,24,F,dataset/Audios/Actor_24/03-01-02-01-02-02-24.wav,Healthy,-44.48621368408203,20115.990234375,214.87708272009507,3.289473684210526
2,calm,2,1,1,24,F,dataset/Audios/Actor_24/03-01-02-02-01-01-24.wav,Healthy,-47.94527816772461,19568.451171875,212.40900892134297,2.7173913043478257
2,calm,2,1,2,24,F,dataset/Audios/Actor_24/03-01-02-02-01-02-24.wav,Healthy,-45.29178237915039,20801.96484375,225.0395058615972,2.7573529411764706
2,calm,2,2,1,24,F,dataset/Audios/Actor_24/03-01-02-02-02-01-24.wav,Healthy,-47.5356330871582,21416.888671875,214.2654309592339,2.840909090909091
2,calm,2,2,2,24,F,dataset/Audios/Actor_24/03-01-02-02-02-02-24.wav,Healthy,-45.66780090332031,19492.9453125,211.79731598698208,2.7173913043478257
3,happy,1,1,1,24,F,dataset/Audios/Actor_24/03-01-03-01-01-01-24.wav,Healthy,-44.025001525878906,16019.958984375,227.65433896553017,3.537735849056604
3,happy,1,1,2,24,F,dataset/Audios/Actor_24/03-01-03-01-01-02-24.wav,Healthy,-42.593387603759766,15560.3701171875,230.29955496661373,3.0737704918032787
3,happy,1,2,1,24,F,dataset/Audios/Actor_24/03-01-03-01-02-01-24.wav,Healthy,-43.752052307128906,16034.947265625,237.0478470251364,3.75
3,happy,1,2,2,24,F,dataset/Audios/Actor_24/03-01-03-01-02-02-24.wav,Healthy,-44.29706573486328,14023.435546875,243.99387913449723,3.3482142857142856
3,happy,2,1,1,24,F,dataset/Audios/Actor_24/03-01-03-02-01-01-24.wav,Healthy,-34.369232177734375,9202.087890625,269.16888019875813,2.9296875
3,happy,2,1,2,24,F,dataset/Audios/Actor_24/03-01-03-02-01-02-24.wav,Healthy,-31.743976593017575,9381.693359375,239.11163078277937,3.3482142857142856
3,happy,2,2,1,24,F,dataset/Audios/Actor_24/03-01-03-02-02-01-24.wav,Healthy,-39.13491439819336,9014.1865234375,286.82649376257405,3.1779661016949152
3,happy,2,2,2,24,F,dataset/Audios/Actor_24/03-01-03-02-02-02-24.wav,Healthy,-40.54817962646485,7632.55859375,349.06885072286843,3.125
4,sad,1,1,1,24,F,dataset/Audios/Actor_24/03-01-04-01-01-01-24.wav,Mild_Stress,-45.93486022949219,21740.900390625,201.6488190383855,2.7573529411764706
4,sad,1,1,2,24,F,dataset/Audios/Actor_24/03-01-04-01-01-02-24.wav,Mild_Stress,-43.25251007080078,22881.94140625,210.5774532103161,2.8846153846153846
4,sad,1,2,1,24,F,dataset/Audios/Actor_24/03-01-04-01-02-01-24.wav,Mild_Stress,-47.79477310180664,19313.2421875,205.7678575319564,3.75
4,sad,1,2,2,24,F,dataset/Audios/Actor_24/03-01-04-01-02-02-24.wav,Mild_Stress,-42.463478088378906,19751.759765625,200.48740730303228,3.232758620689655
4,sad,2,1,1,24,F,dataset/Audios/Actor_24/03-01-04-02-01-01-24.wav,Mild_Stress,-45.146522521972656,14513.15625,314.5984631970161,2.4038461538461537
4,sad,2,1,2,24,F,dataset/Audios/Actor_24/03-01-04-02-01-02-24.wav,Mild_Stress,-38.99690628051758,14833.5576171875,266.98145736298954,2.2865853658536586
4,sad,2,2,1,24,F,dataset/Audios/Actor_24/03-01-04-02-02-01-24.wav,Mild_Stress,-43.83887481689453,17159.255859375,270.72815965904965,2.180232558139535
4,sad,2,2,2,24,F,dataset/Audios/Actor_24/03-01-04-02-02-02-24.wav,Mild_Stress,-47.61701202392578,22471.421875,254.06159179290393,2.1306818181818183
5,angry,1,1,1,24,F,dataset/Audios/Actor_24/03-01-05-01-01-01-24.wav,Moderate_Stress,-35.167015075683594,8713.96875,242.58857779956992,2.798507462686567
5,angry,1,1,2,24,F,dataset/Audios/Actor_24/03-01-05-01-01-02-24.wav,Moderate_Stress,-33.3414192199707,7626.7666015625,273.0851706408102,3.3482142857142856
5,angry,1,2,1,24,F,dataset/Audios/Actor_24/03-01-05-01-02-01-24.wav,Moderate_Stress,-35.401145935058594,9829.5458984375,222.45470667747657,3.409090909090909
5,angry,1,2,2,24,F,dataset/Audios/Actor_24/03-01-05-01-02-02-24.wav,Moderate_Stress,-36.38826751708984,8637.291015625,244.70060021586875,2.7173913043478257
5,angry,2,1,1,24,F,dataset/Audios/Actor_24/03-01-05-02-01-01-24.wav,Moderate_Stress,-32.033416748046875,5824.23291015625,281.8989862783688,2.568493150684932
5,angry,2,1,2,24,F,dataset/Audios/Actor_24/03-01-05-02-01-02-24.wav,Moderate_Stress,-33.8474006652832,6938.99462890625,275.4604045334168,2.568493150684932
5,angry,2,2,1,24,F,dataset/Audios/Actor_24/03-01-05-02-02-01-24.wav,Moderate_Stress,-33.79941940307617,8942.265625,243.2912284670336,2.6785714285714284
5,angry,2,2,2,24,F,dataset/Audios/Actor_24/03-01-05-02-02-02-24.wav,Moderate_Stress,-38.46343994140625,11128.8408203125,260.0,1.913265306122449
6,fearful,1,1,1,24,F,dataset/Audios/Actor_24/03-01-06-01-01-01-24.wav,Moderate_Stress,-35.999107360839844,8825.021484375,317.3374174067819,2.9761904761904763
6,fearful,1,1,2,24,F,dataset/Audios/Actor_24/03-01-06-01-01-02-24.wav,Moderate_Stress,-38.34602737426758,9407.9521484375,362.4254600227764,2.7573529411764706
6,fearful,1,2,1,24,F,dataset/Audios/Actor_24/03-01-06-01-02-01-24.wav,Moderate_Stress,-39.36946487426758,9197.2080078125,318.2539212592103,3.125
6,fearful,1,2,2,24,F,dataset/Audios/Actor_24/03-01-06-01-02-02-24.wav,Moderate_Stress,-37.323490142822266,9319.4296875,319.1757343644442,2.9296875
6,fearful,2,1,1,24,F,dataset/Audios/Actor_24/03-01-06-02-01-01-24.wav,Moderate_Stress,-32.05601119995117,6535.908203125,314.5984631970161,3.3482142857142856
6,fearful,2,1,2,24,F,dataset/Audios/Actor_24/03-01-06-02-01-02-24.wav,Moderate_Stress,-35.136810302734375,9142.15625,263.0210544784999,3.125
6,fearful,2,2,1,24,F,dataset/Audios/Actor_24/03-01-06-02-02-01-24.wav,Moderate_Stress,-33.07958984375,6924.43310546875,295.23115155842805,3.826530612244898
6,fearful,2,2,2,24,F,dataset/Audios/Actor_24/03-01-06-02-02-02-24.wav,Moderate_Stress,-31.787410736083984,6866.75830078125,310.98499165172495,3.1779661016949152
7,disgust,1,1,1,24,F,dataset/Audios/Actor_24/03-01-07-01-01-01-24.wav,Severe_Stress,-42.71159362792969,14341.7978515625,208.75994928447787,2.533783783783784
7,disgust,1,1,2,24,F,dataset/Audios/Actor_24/03-01-07-01-01-02-24.wav,Severe_Stress,-39.43622589111328,12179.369140625,243.99387913449723,2.7573529411764706
7,disgust,1,2,1,24,F,dataset/Audios/Actor_24/03-01-07-01-02-01-24.wav,Severe_Stress,-44.23952865600586,13203.212890625,230.3149229313189,2.9296875
7,disgust,1,2,2,24,F,dataset/Audios/Actor_24/03-01-07-01-02-02-24.wav,Severe_Stress,-40.89615249633789,12393.4228515625,222.45470667747657,2.7573529411764706
7,disgust,2,1,1,24,F,dataset/Audios/Actor_24/03-01-07-02-01-01-24.wav,Severe_Stress,-41.579559326171875,16060.0810546875,269.9485199289039,2.435064935064935
7,disgust,2,1,2,24,F,dataset/Audios/Actor_24/03-01-07-02-01-02-24.wav,Severe_Stress,-37.33772277832031,9191.7177734375,267.62304605895974,2.2865853658536586
7,disgust,2,2,1,24,F,dataset/Audios/Actor_24/03-01-07-02-02-01-24.wav,Severe_Stress,-41.11956787109375,9197.79296875,247.54388423192165,2.7573529411764706
7,disgust,2,2,2,24,F,dataset/Audios/Actor_24/03-01-07-02-02-02-24.wav,Severe_Stress,-41.53976058959961,9630.0888671875,266.0772119191614,2.4038461538461537
8,surprised,1,1,1,24,F,dataset/Audios/Actor_24/03-01-08-01-01-01-24.wav,Mild_Stress,-45.5174446105957,16330.8515625,313.9123033256558,4.166666666666667
8,surprised,1,1,2,24,F,dataset/Audios/Actor_24/03-01-08-01-01-02-24.wav,Mild_Stress,-39.90385437011719,10925.8740234375,209.9692833680109,3.537735849056604
8,surprised,1,2,1,24,F,dataset/Audios/Actor_24/03-01-08-01-02-01-24.wav,Mild_Stress,-38.26301956176758,10233.4697265625,305.7699357089084,4.166666666666667
8,surprised,1,2,2,24,F,dataset/Audios/Actor_24/03-01-08-01-02-02-24.wav,Mild_Stress,-42.400856018066406,10256.0087890625,254.06159179290393,4.076086956521739
8,surprised,2,1,1,24,F,dataset/Audios/Actor_24/03-01-08-02-01-01-24.wav,Mild_Stress,-35.119930267333984,9716.14453125,275.4604045334168,2.9761904761904763
8,surprised,2,1,2,24,F,dataset/Audios/Actor_24/03-01-08-02-01-02-24.wav,Mild_Stress,-36.37718963623047,9339.9775390625,341.0961071537367,3.024193548387097
8,surprised,2,2,1,24,F,dataset/Audios/Actor_24/03-01-08-02-02-01-24.wav,Mild_Stress,-32.65679168701172,8495.291015625,295.23115155842805,2.9761904761904763
8,surprised,2,2,2,24,F,dataset/Audios/Actor_24/03-01-08-02-02-02-24.wav,Mild_Stress,-34.47990798950195,10504.0712890625,337.17828420926253,3.232758620689655
